uid,pci,starttime,endtime,duration
0,237,13:02:1687172578,13:03:1687172581,2094
1,155,13:22:1687173726,13:22:1687173726,0
2,154,13:22:1687173726,13:22:1687173726,0
3,169,13:22:1687173726,13:22:1687173726,0
4,141,13:22:1687173726,13:22:1687173726,0
5,155,13:22:1687173728,13:22:1687173728,0
6,154,13:22:1687173728,13:22:1687173728,0
7,433,13:22:1687173728,13:22:1687173728,0
8,155,13:22:1687173731,13:22:1687173737,6552
9,433,13:22:1687173737,13:22:1687173737,0
10,155,13:22:1687173737,13:22:1687173737,0
11,433,13:22:1687173737,13:22:1687173737,0
12,155,13:22:1687173739,13:22:1687173739,0
13,433,13:22:1687173739,13:22:1687173739,0
14,155,13:22:1687173741,13:22:1687173744,2210
15,154,13:22:1687173744,13:22:1687173744,0
16,155,13:22:1687173746,13:22:1687173746,0
17,433,13:22:1687173746,13:22:1687173746,0
18,155,13:22:1687173748,13:22:1687173748,0
19,433,13:22:1687173750,13:22:1687173750,-1
20,155,13:22:1687173750,13:22:1687173750,0
21,369,13:22:1687173750,13:22:1687173750,0
22,433,13:22:1687173752,13:22:1687173752,0
23,155,13:22:1687173752,13:22:1687173752,0
24,369,13:22:1687173752,13:22:1687173752,0
25,433,13:22:1687173754,13:22:1687173754,0
26,155,13:22:1687173754,13:22:1687173754,0
27,369,13:22:1687173754,13:22:1687173754,0
28,433,13:22:1687173754,13:22:1687173754,0
29,155,13:22:1687173754,13:22:1687173754,0
30,369,13:22:1687173754,13:22:1687173754,0
31,433,13:22:1687173756,13:22:1687173756,0
32,155,13:22:1687173756,13:22:1687173756,0
33,369,13:22:1687173756,13:22:1687173756,0
34,155,13:22:1687173758,13:22:1687173758,0
35,433,13:22:1687173758,13:22:1687173758,0
36,155,13:22:1687173758,13:22:1687173758,0
37,369,13:22:1687173758,13:22:1687173758,0
38,433,13:22:1687173760,13:22:1687173760,0
39,155,13:22:1687173760,13:22:1687173760,0
40,369,13:22:1687173760,13:22:1687173760,0
41,155,13:22:1687173763,13:22:1687173763,0
42,369,13:22:1687173763,13:22:1687173763,0
43,370,13:22:1687173763,13:22:1687173763,0
44,433,13:22:1687173763,13:22:1687173763,0
45,155,13:22:1687173763,13:22:1687173763,0
46,369,13:22:1687173763,13:22:1687173763,0
47,370,13:22:1687173763,13:22:1687173763,0
48,433,13:22:1687173765,13:22:1687173765,0
49,155,13:22:1687173765,13:22:1687173765,0
50,369,13:22:1687173765,13:22:1687173765,0
51,370,13:22:1687173765,13:22:1687173765,0
52,433,13:22:1687173765,13:22:1687173765,0
53,155,13:22:1687173765,13:22:1687173765,0
54,369,13:22:1687173765,13:22:1687173765,0
55,370,13:22:1687173765,13:22:1687173765,0
56,155,13:22:1687173767,13:22:1687173767,0
57,369,13:22:1687173767,13:22:1687173767,0
58,433,13:22:1687173767,13:22:1687173767,0
59,155,13:22:1687173767,13:22:1687173767,0
60,369,13:22:1687173767,13:22:1687173767,0
61,433,13:22:1687173769,13:22:1687173769,0
62,155,13:22:1687173769,13:22:1687173769,0
63,369,13:22:1687173769,13:22:1687173769,0
64,155,13:22:1687173771,13:22:1687173771,1
65,154,13:22:1687173771,13:22:1687173771,0
66,155,13:22:1687173773,13:22:1687173773,0
67,433,13:22:1687173773,13:22:1687173773,0
68,154,13:22:1687173773,13:22:1687173773,0
69,155,13:22:1687173775,13:22:1687173775,0
70,433,13:22:1687173775,13:22:1687173775,0
71,154,13:22:1687173775,13:22:1687173775,0
72,155,13:22:1687173778,13:23:1687173780,2077
73,433,13:23:1687173780,13:23:1687173780,0
74,155,13:23:1687173780,13:23:1687173780,0
75,369,13:23:1687173780,13:23:1687173780,0
76,433,13:23:1687173782,13:23:1687173782,0
77,369,13:23:1687173782,13:23:1687173782,0
78,433,13:23:1687173782,13:23:1687173782,0
79,369,13:23:1687173782,13:23:1687173782,0
80,370,13:23:1687173782,13:23:1687173782,0
81,155,13:23:1687173784,13:23:1687173784,0
82,433,13:23:1687173784,13:23:1687173784,0
83,155,13:23:1687173784,13:23:1687173784,0
84,369,13:23:1687173784,13:23:1687173786,2146
85,433,13:23:1687173786,13:23:1687173786,0
86,369,13:23:1687173786,13:23:1687173786,0
87,370,13:23:1687173786,13:23:1687173786,0
88,433,13:23:1687173788,13:23:1687173788,0
89,155,13:23:1687173788,13:23:1687173788,0
90,369,13:23:1687173788,13:23:1687173788,0
91,433,13:23:1687173790,13:23:1687173790,0
92,155,13:23:1687173790,13:23:1687173790,0
93,369,13:23:1687173790,13:23:1687173790,0
94,433,13:23:1687173792,13:23:1687173792,0
95,155,13:23:1687173792,13:23:1687173792,0
96,369,13:23:1687173792,13:23:1687173792,0
97,433,13:23:1687173795,13:23:1687173795,0
98,369,13:23:1687173795,13:23:1687173795,0
99,433,13:23:1687173797,13:23:1687173797,1
100,369,13:23:1687173797,13:23:1687173797,0
101,433,13:23:1687173799,13:23:1687173799,0
102,155,13:23:1687173799,13:23:1687173799,0
103,433,13:23:1687173799,13:23:1687173799,0
104,237,13:23:1687173799,13:23:1687173799,0
105,155,13:23:1687173799,13:23:1687173799,0
106,369,13:23:1687173799,13:23:1687173799,0
107,433,13:23:1687173801,13:23:1687173801,0
108,155,13:23:1687173801,13:23:1687173801,0
109,433,13:23:1687173803,13:23:1687173807,4075
110,369,13:23:1687173807,13:23:1687173807,0
111,433,13:23:1687173809,13:23:1687173809,0
112,17,13:23:1687173809,13:23:1687173809,0
113,433,13:23:1687173809,13:23:1687173809,0
114,369,13:23:1687173809,13:23:1687173809,0
115,17,13:23:1687173809,13:23:1687173809,0
116,433,13:23:1687173812,13:23:1687173812,-1
117,369,13:23:1687173812,13:23:1687173812,0
118,433,13:23:1687173814,13:23:1687173814,0
119,369,13:23:1687173814,13:23:1687173814,0
120,433,13:23:1687173814,13:23:1687173814,0
121,369,13:23:1687173814,13:23:1687173814,0
122,17,13:23:1687173814,13:23:1687173814,0
123,433,13:23:1687173816,13:23:1687173816,0
124,17,13:23:1687173816,13:23:1687173816,0
125,433,13:23:1687173818,13:23:1687173818,-1
126,237,13:23:1687173818,13:23:1687173818,0
127,17,13:23:1687173818,13:23:1687173818,0
128,433,13:23:1687173820,13:23:1687173820,-1
129,237,13:23:1687173820,13:23:1687173820,0
130,17,13:23:1687173820,13:23:1687173820,0
131,237,13:23:1687173822,13:23:1687173822,0
132,433,13:23:1687173822,13:23:1687173822,0
133,237,13:23:1687173822,13:23:1687173822,0
134,17,13:23:1687173822,13:23:1687173822,0
135,433,13:23:1687173824,13:23:1687173824,0
136,237,13:23:1687173824,13:23:1687173824,0
137,17,13:23:1687173824,13:23:1687173824,0
138,237,13:23:1687173826,13:23:1687173826,0
139,433,13:23:1687173826,13:23:1687173826,0
140,237,13:23:1687173826,13:23:1687173826,0
141,17,13:23:1687173826,13:23:1687173829,2207
142,433,13:23:1687173829,13:23:1687173829,0
143,17,13:23:1687173829,13:23:1687173829,0
144,433,13:23:1687173831,13:23:1687173831,0
145,237,13:23:1687173831,13:23:1687173831,0
146,17,13:23:1687173831,13:23:1687173831,0
147,433,13:23:1687173831,13:23:1687173831,0
148,237,13:23:1687173831,13:23:1687173831,0
149,17,13:23:1687173831,13:23:1687173831,0
150,433,13:23:1687173833,13:23:1687173833,-1
151,237,13:23:1687173833,13:23:1687173833,0
152,17,13:23:1687173833,13:23:1687173833,0
153,433,13:23:1687173835,13:23:1687173835,1
154,237,13:23:1687173835,13:23:1687173835,0
155,17,13:23:1687173835,13:23:1687173835,0
156,433,13:23:1687173837,13:23:1687173837,0
157,237,13:23:1687173837,13:23:1687173837,0
158,17,13:23:1687173837,13:23:1687173837,0
159,237,13:23:1687173839,13:23:1687173839,0
160,17,13:23:1687173839,13:23:1687173839,0
161,433,13:23:1687173839,13:23:1687173839,0
162,237,13:23:1687173839,13:23:1687173839,0
163,17,13:23:1687173839,13:23:1687173839,0
164,237,13:24:1687173841,13:24:1687173841,0
165,433,13:24:1687173841,13:24:1687173841,0
166,237,13:24:1687173843,13:24:1687173846,2107
167,433,13:24:1687173846,13:24:1687173846,0
168,237,13:24:1687173846,13:24:1687173846,0
169,433,13:24:1687173846,13:24:1687173846,0
170,237,13:24:1687173848,13:24:1687173850,2092
171,433,13:24:1687173850,13:24:1687173850,0
172,237,13:24:1687173852,13:24:1687173852,0
173,433,13:24:1687173852,13:24:1687173852,0
174,237,13:24:1687173854,13:24:1687173854,0
175,433,13:24:1687173856,13:24:1687173856,0
176,17,13:24:1687173856,13:24:1687173856,0
177,433,13:24:1687173856,13:24:1687173856,0
178,17,13:24:1687173856,13:24:1687173856,0
179,433,13:24:1687173858,13:24:1687173858,0
180,17,13:24:1687173858,13:24:1687173858,0
181,433,13:24:1687173858,13:24:1687173858,0
182,17,13:24:1687173858,13:24:1687173858,0
183,433,13:24:1687173860,13:24:1687173881,20772
184,434,13:24:1687173881,13:24:1687173881,0
185,433,13:24:1687173883,13:25:1687173908,24958
186,361,13:25:1687173908,13:25:1687173908,0
187,433,13:25:1687173910,13:25:1687173927,16469
188,17,13:25:1687173927,13:25:1687173927,0
189,433,13:25:1687173927,13:25:1687173927,0
190,17,13:25:1687173927,13:25:1687173927,0
191,433,13:25:1687173929,13:26:1687173977,47706
192,434,13:26:1687173977,13:26:1687173977,0
193,433,13:26:1687173977,13:26:1687173977,0
194,434,13:26:1687173977,13:26:1687173977,0
195,433,13:26:1687173979,13:29:1687174170,190957
196,361,13:29:1687174172,13:29:1687174172,0
197,433,13:29:1687174172,13:29:1687174172,0
198,361,13:29:1687174172,13:29:1687174172,0
199,433,13:29:1687174174,13:30:1687174203,28927
200,361,13:30:1687174203,13:30:1687174203,0
201,433,13:30:1687174205,13:30:1687174215,10336
202,361,13:30:1687174217,13:30:1687174217,0
203,433,13:30:1687174217,13:30:1687174217,0
204,434,13:30:1687174217,13:30:1687174217,0
205,361,13:30:1687174217,13:30:1687174217,0
206,433,13:30:1687174219,13:30:1687174219,0
207,434,13:30:1687174219,13:30:1687174219,0
208,433,13:30:1687174219,13:30:1687174219,0
209,434,13:30:1687174219,13:30:1687174219,0
210,433,13:30:1687174221,13:30:1687174224,2105
211,434,13:30:1687174224,13:30:1687174224,0
212,433,13:30:1687174226,13:30:1687174259,33351
213,361,13:30:1687174259,13:30:1687174259,0
214,433,13:31:1687174261,13:31:1687174265,4107
215,361,13:31:1687174265,13:31:1687174265,0
216,433,13:31:1687174267,13:31:1687174269,2078
217,361,13:31:1687174269,13:31:1687174269,0
218,433,13:31:1687174272,13:31:1687174272,-1
219,361,13:31:1687174272,13:31:1687174272,0
220,433,13:31:1687174274,13:31:1687174280,6301
221,361,13:31:1687174280,13:31:1687174280,0
222,433,13:31:1687174282,13:31:1687174282,0
223,361,13:31:1687174282,13:31:1687174284,2067
224,433,13:31:1687174284,13:31:1687174284,0
225,361,13:31:1687174284,13:31:1687174284,0
226,433,13:31:1687174286,13:31:1687174288,2074
227,434,13:31:1687174288,13:31:1687174288,0
228,361,13:31:1687174291,13:31:1687174291,0
229,433,13:31:1687174291,13:31:1687174291,0
230,361,13:31:1687174291,13:31:1687174291,0
231,433,13:31:1687174293,13:31:1687174293,-1
232,361,13:31:1687174293,13:31:1687174293,0
233,433,13:31:1687174295,13:31:1687174295,0
234,434,13:31:1687174295,13:31:1687174295,0
235,433,13:31:1687174297,13:31:1687174303,6281
236,361,13:31:1687174303,13:31:1687174303,0
237,433,13:31:1687174305,13:31:1687174307,2041
238,361,13:31:1687174307,13:31:1687174309,2090
239,433,13:31:1687174309,13:31:1687174309,0
240,361,13:31:1687174309,13:31:1687174309,0
241,433,13:31:1687174312,13:31:1687174312,1
242,361,13:31:1687174312,13:31:1687174312,0
243,433,13:31:1687174314,13:31:1687174314,-1
244,361,13:31:1687174314,13:31:1687174314,0
245,433,13:31:1687174316,13:31:1687174318,2065
246,434,13:31:1687174318,13:31:1687174318,0
247,361,13:31:1687174318,13:31:1687174318,0
248,433,13:32:1687174320,13:32:1687174320,0
249,434,13:32:1687174320,13:32:1687174320,0
250,361,13:32:1687174320,13:32:1687174320,0
251,433,13:32:1687174322,13:32:1687174322,0
252,434,13:32:1687174322,13:32:1687174322,0
253,361,13:32:1687174322,13:32:1687174322,0
254,433,13:32:1687174324,13:32:1687174324,0
255,361,13:32:1687174324,13:32:1687174324,0
256,433,13:32:1687174324,13:32:1687174324,0
257,434,13:32:1687174324,13:32:1687174324,0
258,361,13:32:1687174324,13:32:1687174324,0
259,433,13:32:1687174326,13:32:1687174326,0
260,361,13:32:1687174326,13:32:1687174326,0
261,433,13:32:1687174326,13:32:1687174326,0
262,434,13:32:1687174326,13:32:1687174326,0
263,361,13:32:1687174326,13:32:1687174329,2190
264,433,13:32:1687174329,13:32:1687174329,0
265,434,13:32:1687174329,13:32:1687174329,0
266,361,13:32:1687174329,13:32:1687174329,0
267,433,13:32:1687174331,13:32:1687174331,0
268,361,13:32:1687174331,13:32:1687174331,0
269,433,13:32:1687174331,13:32:1687174331,0
270,434,13:32:1687174331,13:32:1687174331,0
271,361,13:32:1687174331,13:32:1687174331,0
272,433,13:32:1687174333,13:32:1687174333,1
273,434,13:32:1687174333,13:32:1687174333,0
274,361,13:32:1687174333,13:32:1687174333,0
275,433,13:32:1687174335,13:32:1687174335,0
276,434,13:32:1687174335,13:32:1687174335,0
277,433,13:32:1687174337,13:32:1687174339,2031
278,360,13:32:1687174339,13:32:1687174339,0
279,434,13:32:1687174339,13:32:1687174339,0
280,433,13:32:1687174339,13:32:1687174339,0
281,360,13:32:1687174339,13:32:1687174339,0
282,434,13:32:1687174341,13:32:1687174341,0
283,433,13:32:1687174341,13:32:1687174341,0
284,360,13:32:1687174341,13:32:1687174341,0
285,434,13:32:1687174343,13:32:1687174343,0
286,433,13:32:1687174343,13:32:1687174343,0
287,360,13:32:1687174343,13:32:1687174343,0
288,434,13:32:1687174343,13:32:1687174343,0
289,433,13:32:1687174343,13:32:1687174343,0
290,360,13:32:1687174343,13:32:1687174343,0
291,433,13:32:1687174346,13:32:1687174346,0
292,360,13:32:1687174346,13:32:1687174346,0
293,434,13:32:1687174346,13:32:1687174346,0
294,433,13:32:1687174346,13:32:1687174346,0
295,360,13:32:1687174346,13:32:1687174346,0
296,434,13:32:1687174348,13:32:1687174348,0
297,433,13:32:1687174348,13:32:1687174348,0
298,434,13:32:1687174350,13:32:1687174350,0
299,433,13:32:1687174350,13:32:1687174350,0
300,360,13:32:1687174350,13:32:1687174350,0
301,434,13:32:1687174352,13:32:1687174352,-1
302,433,13:32:1687174352,13:32:1687174352,0
303,360,13:32:1687174352,13:32:1687174352,0
304,433,13:32:1687174354,13:32:1687174354,0
305,434,13:32:1687174354,13:32:1687174354,0
306,433,13:32:1687174354,13:32:1687174354,0
307,360,13:32:1687174354,13:32:1687174354,0
308,434,13:32:1687174356,13:32:1687174356,1
309,433,13:32:1687174356,13:32:1687174356,0
310,360,13:32:1687174356,13:32:1687174356,0
311,433,13:32:1687174359,13:32:1687174359,0
312,434,13:32:1687174359,13:32:1687174359,0
313,433,13:32:1687174359,13:32:1687174359,0
314,360,13:32:1687174359,13:32:1687174359,0
315,433,13:32:1687174361,13:32:1687174361,0
316,360,13:32:1687174361,13:32:1687174361,0
317,434,13:32:1687174361,13:32:1687174361,0
318,433,13:32:1687174361,13:32:1687174361,0
319,360,13:32:1687174361,13:32:1687174361,0
320,434,13:32:1687174363,13:32:1687174363,0
321,433,13:32:1687174363,13:32:1687174363,0
322,434,13:32:1687174363,13:32:1687174363,0
323,433,13:32:1687174363,13:32:1687174363,0
324,360,13:32:1687174363,13:32:1687174363,0
325,434,13:32:1687174365,13:32:1687174365,0
326,433,13:32:1687174365,13:32:1687174365,0
327,360,13:32:1687174365,13:32:1687174365,0
328,434,13:32:1687174367,13:32:1687174374,6572
329,360,13:32:1687174374,13:32:1687174374,0
330,434,13:32:1687174376,13:33:1687174393,16709
331,433,13:33:1687174393,13:33:1687174393,0
332,434,13:33:1687174395,13:33:1687174416,20778
333,432,13:33:1687174416,13:33:1687174416,0
334,433,13:33:1687174416,13:33:1687174416,0
335,434,13:33:1687174418,13:33:1687174424,6367
336,432,13:33:1687174424,13:33:1687174424,0
337,434,13:33:1687174427,13:33:1687174433,6544
338,432,13:33:1687174435,13:33:1687174435,0
339,434,13:33:1687174435,13:33:1687174435,0
340,432,13:33:1687174435,13:33:1687174435,0
341,434,13:33:1687174437,13:33:1687174437,0
342,432,13:33:1687174437,13:33:1687174437,0
343,434,13:34:1687174440,13:34:1687174440,0
344,432,13:34:1687174440,13:34:1687174440,0
345,434,13:34:1687174440,13:34:1687174440,0
346,432,13:34:1687174440,13:34:1687174440,0
347,362,13:34:1687174440,13:34:1687174440,0
348,434,13:34:1687174442,13:34:1687174442,0
349,432,13:34:1687174442,13:34:1687174442,0
350,362,13:34:1687174442,13:34:1687174442,0
351,434,13:34:1687174444,13:34:1687174444,0
352,362,13:34:1687174444,13:34:1687174444,0
353,434,13:34:1687174444,13:34:1687174444,0
354,432,13:34:1687174444,13:34:1687174444,0
355,362,13:34:1687174444,13:34:1687174444,0
356,434,13:34:1687174446,13:34:1687174446,0
357,432,13:34:1687174446,13:34:1687174446,0
358,434,13:34:1687174446,13:34:1687174446,0
359,432,13:34:1687174446,13:34:1687174446,0
360,362,13:34:1687174446,13:34:1687174446,0
361,434,13:34:1687174448,13:34:1687174448,0
362,362,13:34:1687174448,13:34:1687174448,0
363,434,13:34:1687174448,13:34:1687174448,0
364,432,13:34:1687174448,13:34:1687174448,0
365,362,13:34:1687174448,13:34:1687174448,0
366,434,13:34:1687174451,13:34:1687174451,0
367,432,13:34:1687174451,13:34:1687174451,0
368,362,13:34:1687174451,13:34:1687174451,0
369,434,13:34:1687174453,13:34:1687174453,0
370,432,13:34:1687174453,13:34:1687174453,0
371,434,13:34:1687174455,13:34:1687174455,1
372,432,13:34:1687174455,13:34:1687174455,0
373,434,13:34:1687174457,13:34:1687174457,0
374,362,13:34:1687174457,13:34:1687174457,0
375,434,13:34:1687174457,13:34:1687174457,0
376,432,13:34:1687174457,13:34:1687174457,0
377,362,13:34:1687174457,13:34:1687174457,0
378,434,13:34:1687174459,13:34:1687174459,0
379,432,13:34:1687174459,13:34:1687174459,0
380,434,13:34:1687174459,13:34:1687174459,0
381,432,13:34:1687174459,13:34:1687174459,0
382,362,13:34:1687174459,13:34:1687174459,0
383,434,13:34:1687174462,13:34:1687174462,0
384,362,13:34:1687174462,13:34:1687174462,0
385,434,13:34:1687174462,13:34:1687174462,0
386,432,13:34:1687174462,13:34:1687174462,0
387,433,13:34:1687174462,13:34:1687174462,0
388,362,13:34:1687174462,13:34:1687174464,2264
389,434,13:34:1687174464,13:34:1687174464,0
390,432,13:34:1687174464,13:34:1687174464,0
391,362,13:34:1687174464,13:34:1687174464,0
392,432,13:34:1687174466,13:34:1687174466,0
393,434,13:34:1687174466,13:34:1687174466,0
394,432,13:34:1687174466,13:34:1687174466,0
395,362,13:34:1687174466,13:34:1687174468,2160
396,434,13:34:1687174468,13:34:1687174468,0
397,432,13:34:1687174468,13:34:1687174468,0
398,362,13:34:1687174468,13:34:1687174468,0
399,434,13:34:1687174470,13:34:1687174470,0
400,432,13:34:1687174470,13:34:1687174470,0
401,362,13:34:1687174470,13:34:1687174470,0
402,434,13:34:1687174473,13:34:1687174473,1
403,432,13:34:1687174473,13:34:1687174473,0
404,362,13:34:1687174473,13:34:1687174473,0
405,434,13:34:1687174475,13:34:1687174475,0
406,432,13:34:1687174475,13:34:1687174475,0
407,362,13:34:1687174475,13:34:1687174475,0
408,434,13:34:1687174477,13:34:1687174477,0
409,432,13:34:1687174477,13:34:1687174477,0
410,362,13:34:1687174477,13:34:1687174477,0
411,432,13:34:1687174479,13:34:1687174479,0
412,434,13:34:1687174479,13:34:1687174479,0
413,432,13:34:1687174479,13:34:1687174479,0
414,362,13:34:1687174479,13:34:1687174479,0
415,434,13:34:1687174482,13:34:1687174482,0
416,362,13:34:1687174482,13:34:1687174482,0
417,434,13:34:1687174482,13:34:1687174482,0
418,432,13:34:1687174482,13:34:1687174482,0
419,362,13:34:1687174482,13:34:1687174482,0
420,434,13:34:1687174484,13:34:1687174484,0
421,432,13:34:1687174484,13:34:1687174484,0
422,362,13:34:1687174484,13:34:1687174484,0
423,432,13:34:1687174486,13:34:1687174486,0
424,362,13:34:1687174486,13:34:1687174486,0
425,434,13:34:1687174486,13:34:1687174486,0
426,432,13:34:1687174486,13:34:1687174486,0
427,362,13:34:1687174486,13:34:1687174486,0
428,361,13:34:1687174488,13:34:1687174488,0
429,432,13:34:1687174488,13:34:1687174488,0
430,434,13:34:1687174488,13:34:1687174488,0
431,361,13:34:1687174488,13:34:1687174488,0
432,432,13:34:1687174490,13:34:1687174490,0
433,434,13:34:1687174490,13:34:1687174490,0
434,362,13:34:1687174490,13:34:1687174493,2299
435,432,13:34:1687174493,13:34:1687174493,0
436,434,13:34:1687174493,13:34:1687174493,0
437,362,13:34:1687174493,13:34:1687174493,0
438,432,13:34:1687174495,13:34:1687174495,0
439,434,13:34:1687174495,13:34:1687174495,0
440,432,13:34:1687174495,13:34:1687174495,0
441,434,13:34:1687174495,13:34:1687174495,0
442,362,13:34:1687174495,13:34:1687174495,0
443,432,13:34:1687174497,13:34:1687174497,0
444,434,13:34:1687174497,13:34:1687174497,0
445,362,13:34:1687174497,13:34:1687174497,0
446,432,13:34:1687174499,13:34:1687174499,0
447,434,13:34:1687174499,13:34:1687174499,0
448,362,13:34:1687174499,13:34:1687174499,0
449,432,13:35:1687174502,13:35:1687174502,0
450,434,13:35:1687174502,13:35:1687174502,0
451,362,13:35:1687174502,13:35:1687174502,0
452,432,13:35:1687174504,13:35:1687174504,0
453,434,13:35:1687174504,13:35:1687174504,0
454,362,13:35:1687174504,13:35:1687174504,0
455,434,13:35:1687174506,13:35:1687174506,0
456,432,13:35:1687174506,13:35:1687174506,0
457,434,13:35:1687174506,13:35:1687174506,0
458,362,13:35:1687174506,13:35:1687174506,0
459,432,13:35:1687174508,13:35:1687174508,0
460,434,13:35:1687174508,13:35:1687174508,0
461,362,13:35:1687174508,13:35:1687174508,0
462,432,13:35:1687174510,13:35:1687174510,0
463,362,13:35:1687174510,13:35:1687174510,0
464,432,13:35:1687174510,13:35:1687174510,0
465,434,13:35:1687174510,13:35:1687174510,0
466,362,13:35:1687174510,13:35:1687174510,0
467,432,13:35:1687174513,13:35:1687174513,0
468,434,13:35:1687174513,13:35:1687174513,0
469,362,13:35:1687174513,13:35:1687174515,2264
470,432,13:35:1687174515,13:35:1687174515,0
471,434,13:35:1687174515,13:35:1687174515,0
472,362,13:35:1687174515,13:35:1687174515,0
473,432,13:35:1687174517,13:35:1687174517,0
474,434,13:35:1687174517,13:35:1687174517,0
475,362,13:35:1687174517,13:35:1687174517,0
476,432,13:35:1687174519,13:35:1687174519,-1
477,434,13:35:1687174519,13:35:1687174519,0
478,362,13:35:1687174519,13:35:1687174519,0
479,432,13:35:1687174521,13:35:1687174521,0
480,202,13:35:1687174521,13:35:1687174521,0
481,432,13:35:1687174521,13:35:1687174521,0
482,434,13:35:1687174521,13:35:1687174521,0
483,362,13:35:1687174521,13:35:1687174521,0
484,202,13:35:1687174521,13:35:1687174521,0
485,362,13:35:1687174524,13:35:1687174524,0
486,432,13:35:1687174524,13:35:1687174524,0
487,434,13:35:1687174524,13:35:1687174524,0
488,362,13:35:1687174524,13:35:1687174524,0
489,432,13:35:1687174526,13:35:1687174526,0
490,434,13:35:1687174526,13:35:1687174526,0
491,362,13:35:1687174526,13:35:1687174526,0
492,432,13:35:1687174528,13:35:1687174528,0
493,434,13:35:1687174528,13:35:1687174528,0
494,362,13:35:1687174528,13:35:1687174528,0
495,432,13:35:1687174528,13:35:1687174528,0
496,434,13:35:1687174528,13:35:1687174528,0
497,362,13:35:1687174528,13:35:1687174528,0
498,432,13:35:1687174530,13:35:1687174530,0
499,434,13:35:1687174530,13:35:1687174530,0
500,362,13:35:1687174530,13:35:1687174530,0
501,432,13:35:1687174530,13:35:1687174530,0
502,434,13:35:1687174530,13:35:1687174530,0
503,362,13:35:1687174530,13:35:1687174532,2135
504,432,13:35:1687174532,13:35:1687174532,0
505,434,13:35:1687174532,13:35:1687174532,0
506,362,13:35:1687174532,13:35:1687174532,0
507,434,13:35:1687174535,13:35:1687174535,0
508,432,13:35:1687174535,13:35:1687174535,0
509,434,13:35:1687174535,13:35:1687174535,0
510,362,13:35:1687174535,13:35:1687174535,0
511,432,13:35:1687174537,13:35:1687174537,0
512,434,13:35:1687174537,13:35:1687174537,0
513,362,13:35:1687174537,13:35:1687174539,2034
514,432,13:35:1687174539,13:35:1687174539,0
515,434,13:35:1687174539,13:35:1687174539,0
516,362,13:35:1687174539,13:35:1687174539,0
517,434,13:35:1687174541,13:35:1687174541,0
518,432,13:35:1687174541,13:35:1687174541,0
519,434,13:35:1687174541,13:35:1687174541,0
520,362,13:35:1687174541,13:35:1687174544,2161
521,432,13:35:1687174544,13:35:1687174544,0
522,434,13:35:1687174544,13:35:1687174544,0
523,362,13:35:1687174544,13:35:1687174544,0
524,434,13:35:1687174546,13:35:1687174546,0
525,432,13:35:1687174546,13:35:1687174546,0
526,434,13:35:1687174546,13:35:1687174546,0
527,362,13:35:1687174546,13:35:1687174546,0
528,432,13:35:1687174548,13:35:1687174548,0
529,434,13:35:1687174548,13:35:1687174548,0
530,362,13:35:1687174548,13:35:1687174548,0
531,432,13:35:1687174550,13:35:1687174550,0
532,434,13:35:1687174550,13:35:1687174550,0
533,362,13:35:1687174550,13:35:1687174552,2162
534,432,13:35:1687174552,13:35:1687174552,0
535,434,13:35:1687174552,13:35:1687174552,0
536,362,13:35:1687174552,13:35:1687174552,0
537,432,13:35:1687174555,13:35:1687174555,0
538,434,13:35:1687174555,13:35:1687174555,0
539,432,13:35:1687174555,13:35:1687174555,0
540,434,13:35:1687174555,13:35:1687174555,0
541,362,13:35:1687174555,13:35:1687174555,0
542,432,13:35:1687174557,13:35:1687174557,0
543,434,13:35:1687174557,13:35:1687174557,0
544,432,13:35:1687174557,13:35:1687174557,0
545,434,13:35:1687174557,13:35:1687174557,0
546,362,13:35:1687174557,13:35:1687174557,0
547,432,13:35:1687174559,13:35:1687174559,0
548,434,13:35:1687174559,13:35:1687174559,0
549,361,13:35:1687174559,13:35:1687174559,0
550,432,13:36:1687174561,13:36:1687174563,2111
551,434,13:36:1687174563,13:36:1687174566,2272
552,432,13:36:1687174566,13:36:1687174566,0
553,434,13:36:1687174566,13:36:1687174566,0
554,432,13:36:1687174568,13:38:1687174699,131064
555,434,13:38:1687174699,13:38:1687174699,0
556,432,13:38:1687174701,13:38:1687174705,4252
557,434,13:38:1687174705,13:38:1687174705,0
558,432,13:38:1687174708,13:38:1687174710,2164
559,434,13:38:1687174710,13:38:1687174712,2206
560,432,13:38:1687174712,13:38:1687174712,0
561,434,13:38:1687174712,13:38:1687174712,0
562,432,13:38:1687174714,13:38:1687174716,2148
563,434,13:38:1687174716,13:38:1687174716,0
564,432,13:38:1687174718,13:38:1687174725,6517
565,434,13:38:1687174725,13:38:1687174725,0
566,432,13:38:1687174725,13:38:1687174725,0
567,434,13:38:1687174725,13:38:1687174725,0
568,432,13:38:1687174727,13:38:1687174727,0
569,434,13:38:1687174727,13:38:1687174727,0
570,432,13:38:1687174729,13:38:1687174736,6526
571,434,13:38:1687174736,13:38:1687174736,0
572,432,13:38:1687174738,13:38:1687174738,-1
573,434,13:39:1687174740,13:39:1687174740,0
574,432,13:39:1687174740,13:39:1687174740,0
575,434,13:39:1687174740,13:39:1687174740,0
576,432,13:39:1687174742,13:39:1687174747,4293
577,434,13:39:1687174747,13:39:1687174747,0
578,432,13:39:1687174749,13:39:1687174751,2185
579,481,13:39:1687174751,13:39:1687174751,0
580,432,13:39:1687174751,13:39:1687174751,0
581,475,13:39:1687174751,13:39:1687174751,0
582,481,13:39:1687174751,13:39:1687174751,0
583,432,13:39:1687174753,13:39:1687174753,0
584,481,13:39:1687174753,13:39:1687174756,2184
585,432,13:39:1687174756,13:39:1687174756,0
586,481,13:39:1687174756,13:39:1687174756,0
587,432,13:39:1687174758,13:39:1687174758,0
588,481,13:39:1687174758,13:39:1687174758,0
589,432,13:39:1687174758,13:39:1687174758,0
590,481,13:39:1687174758,13:39:1687174758,0
591,434,13:39:1687174760,13:39:1687174760,0
592,432,13:39:1687174760,13:39:1687174760,0
593,434,13:39:1687174760,13:39:1687174760,0
594,432,13:39:1687174762,13:39:1687174786,23630
595,237,13:39:1687174788,13:39:1687174788,0
596,432,13:39:1687174788,13:39:1687174788,0
597,237,13:39:1687174788,13:39:1687174788,0
598,434,13:39:1687174788,13:39:1687174788,0
599,432,13:39:1687174790,13:40:1687174842,51697
600,476,13:40:1687174842,13:40:1687174842,0
601,432,13:40:1687174844,13:40:1687174855,10688
602,434,13:40:1687174855,13:40:1687174855,0
603,432,13:40:1687174857,13:41:1687174861,4332
604,20,13:41:1687174861,13:41:1687174861,0
605,432,13:41:1687174861,13:41:1687174861,0
606,20,13:41:1687174861,13:41:1687174861,0
607,432,13:41:1687174863,13:41:1687174868,4335
608,20,13:41:1687174868,13:41:1687174868,0
609,432,13:41:1687174870,13:41:1687174870,0
610,20,13:41:1687174870,13:41:1687174870,0
611,432,13:41:1687174872,13:41:1687174872,0
612,20,13:41:1687174872,13:41:1687174874,2125
613,432,13:41:1687174874,13:41:1687174874,0
614,20,13:41:1687174874,13:41:1687174877,2282
615,362,13:41:1687174877,13:41:1687174877,0
616,20,13:41:1687174877,13:41:1687174877,0
617,362,13:41:1687174879,13:41:1687174879,0
618,20,13:41:1687174879,13:41:1687174879,0
619,362,13:41:1687174881,13:41:1687174881,0
620,20,13:41:1687174881,13:41:1687174883,2154
621,476,13:41:1687174883,13:41:1687174883,0
622,362,13:41:1687174883,13:41:1687174883,0
623,20,13:41:1687174883,13:41:1687174883,0
624,476,13:41:1687174883,13:41:1687174883,0
625,362,13:41:1687174885,13:41:1687174885,1
626,20,13:41:1687174885,13:41:1687174885,0
627,476,13:41:1687174885,13:41:1687174885,0
628,362,13:41:1687174888,13:41:1687174888,0
629,476,13:41:1687174888,13:41:1687174888,0
630,362,13:41:1687174888,13:41:1687174888,0
631,20,13:41:1687174888,13:41:1687174888,0
632,476,13:41:1687174888,13:41:1687174888,0
633,20,13:41:1687174890,13:41:1687174890,0
634,193,13:41:1687174890,13:41:1687174890,0
635,362,13:41:1687174890,13:41:1687174890,0
636,20,13:41:1687174890,13:41:1687174890,0
637,193,13:41:1687174890,13:41:1687174890,0
638,476,13:41:1687174890,13:41:1687174892,2222
639,362,13:41:1687174892,13:41:1687174892,0
640,20,13:41:1687174892,13:41:1687174892,0
641,476,13:41:1687174892,13:41:1687174892,0
642,20,13:41:1687174894,13:41:1687174894,0
643,193,13:41:1687174894,13:41:1687174894,0
644,362,13:41:1687174894,13:41:1687174894,0
645,20,13:41:1687174894,13:41:1687174894,0
646,193,13:41:1687174894,13:41:1687174896,2156
647,362,13:41:1687174896,13:41:1687174896,0
648,20,13:41:1687174896,13:41:1687174896,0
649,193,13:41:1687174896,13:41:1687174896,0
650,20,13:41:1687174899,13:41:1687174899,0
651,193,13:41:1687174899,13:41:1687174899,0
652,476,13:41:1687174899,13:41:1687174899,0
653,362,13:41:1687174899,13:41:1687174899,0
654,20,13:41:1687174899,13:41:1687174899,0
655,193,13:41:1687174899,13:41:1687174899,0
656,476,13:41:1687174899,13:41:1687174899,0
657,362,13:41:1687174901,13:41:1687174901,0
658,476,13:41:1687174901,13:41:1687174901,0
659,362,13:41:1687174901,13:41:1687174901,0
660,20,13:41:1687174901,13:41:1687174901,0
661,476,13:41:1687174901,13:41:1687174901,0
662,193,13:41:1687174901,13:41:1687174901,0
663,362,13:41:1687174903,13:41:1687174903,0
664,476,13:41:1687174903,13:41:1687174903,0
665,362,13:41:1687174903,13:41:1687174903,0
666,20,13:41:1687174903,13:41:1687174903,0
667,193,13:41:1687174903,13:41:1687174903,0
668,476,13:41:1687174903,13:41:1687174903,0
669,362,13:41:1687174905,13:41:1687174905,0
670,20,13:41:1687174905,13:41:1687174905,0
671,193,13:41:1687174905,13:41:1687174905,0
672,476,13:41:1687174905,13:41:1687174905,0
673,432,13:41:1687174908,13:41:1687174908,0
674,476,13:41:1687174908,13:41:1687174908,0
675,20,13:41:1687174908,13:41:1687174908,0
676,362,13:41:1687174908,13:41:1687174908,0
677,432,13:41:1687174908,13:41:1687174908,0
678,476,13:41:1687174908,13:41:1687174908,0
679,20,13:41:1687174910,13:41:1687174910,0
680,362,13:41:1687174910,13:41:1687174910,0
681,432,13:41:1687174910,13:41:1687174910,0
682,476,13:41:1687174910,13:41:1687174910,0
683,128,13:41:1687174910,13:41:1687174910,0
684,312,13:41:1687174910,13:41:1687174910,0
685,20,13:41:1687174912,13:41:1687174912,0
686,476,13:41:1687174912,13:41:1687174912,0
687,20,13:41:1687174912,13:41:1687174912,0
688,362,13:41:1687174912,13:41:1687174912,0
689,476,13:41:1687174912,13:41:1687174912,0
690,432,13:41:1687174912,13:41:1687174912,0
691,20,13:41:1687174914,13:41:1687174914,0
692,476,13:41:1687174914,13:41:1687174914,0
693,20,13:41:1687174914,13:41:1687174914,0
694,476,13:41:1687174914,13:41:1687174914,0
695,432,13:41:1687174914,13:41:1687174914,0
696,130,13:41:1687174914,13:41:1687174914,0
697,20,13:41:1687174917,13:41:1687174917,0
698,362,13:41:1687174917,13:41:1687174917,0
699,476,13:41:1687174917,13:41:1687174917,0
700,432,13:41:1687174917,13:41:1687174917,0
701,130,13:41:1687174917,13:41:1687174917,0
702,476,13:41:1687174919,13:41:1687174919,0
703,130,13:41:1687174919,13:41:1687174919,0
704,20,13:41:1687174919,13:41:1687174919,0
705,362,13:41:1687174919,13:41:1687174919,0
706,476,13:41:1687174919,13:41:1687174919,0
707,432,13:41:1687174919,13:41:1687174919,0
708,130,13:41:1687174919,13:41:1687174919,0
709,20,13:42:1687174921,13:42:1687174921,0
710,362,13:42:1687174921,13:42:1687174921,0
711,476,13:42:1687174921,13:42:1687174921,0
712,432,13:42:1687174921,13:42:1687174921,0
713,130,13:42:1687174921,13:42:1687174921,0
714,476,13:42:1687174923,13:42:1687174923,0
715,432,13:42:1687174923,13:42:1687174923,0
716,20,13:42:1687174923,13:42:1687174923,0
717,476,13:42:1687174923,13:42:1687174923,0
718,432,13:42:1687174923,13:42:1687174923,0
719,20,13:42:1687174926,13:42:1687174926,0
720,362,13:42:1687174926,13:42:1687174926,0
721,476,13:42:1687174926,13:42:1687174926,0
722,432,13:42:1687174926,13:42:1687174926,0
723,20,13:42:1687174928,13:42:1687174928,0
724,362,13:42:1687174928,13:42:1687174928,0
725,476,13:42:1687174928,13:42:1687174928,0
726,20,13:42:1687174928,13:42:1687174928,0
727,362,13:42:1687174928,13:42:1687174928,0
728,476,13:42:1687174928,13:42:1687174928,0
729,20,13:42:1687174930,13:42:1687174930,0
730,432,13:42:1687174930,13:42:1687174930,0
731,20,13:42:1687174930,13:42:1687174930,0
732,476,13:42:1687174930,13:42:1687174930,0
733,432,13:42:1687174930,13:42:1687174932,2195
734,20,13:42:1687174932,13:42:1687174932,0
735,362,13:42:1687174932,13:42:1687174932,0
736,476,13:42:1687174932,13:42:1687174932,0
737,432,13:42:1687174932,13:42:1687174932,0
738,20,13:42:1687174935,13:42:1687174935,1
739,362,13:42:1687174935,13:42:1687174935,0
740,476,13:42:1687174935,13:42:1687174935,0
741,157,13:42:1687174935,13:42:1687174935,0
742,20,13:42:1687174937,13:42:1687174937,0
743,476,13:42:1687174937,13:42:1687174937,0
744,20,13:42:1687174937,13:42:1687174937,0
745,476,13:42:1687174937,13:42:1687174937,0
746,20,13:42:1687174939,13:42:1687174939,0
747,301,13:42:1687174939,13:42:1687174939,0
748,20,13:42:1687174941,13:42:1687174943,2083
749,362,13:42:1687174946,13:42:1687174946,0
750,20,13:42:1687174946,13:42:1687174946,0
751,362,13:42:1687174946,13:42:1687174946,0
752,20,13:42:1687174948,13:43:1687174992,44157
753,476,13:43:1687174992,13:43:1687174992,0
754,20,13:43:1687174994,13:43:1687174994,0
755,476,13:43:1687174994,13:43:1687174994,0
756,432,13:43:1687174994,13:43:1687174994,0
757,20,13:43:1687174994,13:43:1687174994,0
758,476,13:43:1687174994,13:43:1687174994,0
759,432,13:43:1687174994,13:43:1687174994,0
760,20,13:43:1687174996,13:43:1687174996,0
761,362,13:43:1687174996,13:43:1687174996,0
762,20,13:43:1687174996,13:43:1687174996,0
763,362,13:43:1687174996,13:43:1687174996,0
764,432,13:43:1687174996,13:43:1687174996,0
765,476,13:43:1687174996,13:43:1687174996,0
766,20,13:43:1687174998,13:43:1687174998,0
767,362,13:43:1687174998,13:43:1687174998,0
768,432,13:43:1687174998,13:43:1687174998,0
769,476,13:43:1687174998,13:43:1687174998,0
770,20,13:43:1687175001,13:43:1687175001,0
771,432,13:43:1687175001,13:43:1687175001,0
772,20,13:43:1687175001,13:43:1687175001,0
773,476,13:43:1687175001,13:43:1687175001,0
774,432,13:43:1687175001,13:43:1687175001,0
775,20,13:43:1687175003,13:43:1687175003,0
776,476,13:43:1687175003,13:43:1687175003,0
777,20,13:43:1687175003,13:43:1687175003,0
778,476,13:43:1687175003,13:43:1687175003,0
779,432,13:43:1687175003,13:43:1687175003,0
780,20,13:43:1687175005,13:43:1687175005,0
781,476,13:43:1687175005,13:43:1687175005,0
782,20,13:43:1687175007,13:43:1687175007,1
783,432,13:43:1687175007,13:43:1687175007,0
784,20,13:43:1687175009,13:43:1687175009,0
785,476,13:43:1687175009,13:43:1687175009,0
786,432,13:43:1687175009,13:43:1687175009,0
787,20,13:43:1687175009,13:43:1687175009,0
788,476,13:43:1687175009,13:43:1687175009,0
789,432,13:43:1687175009,13:43:1687175009,0
790,20,13:43:1687175012,13:43:1687175012,0
791,476,13:43:1687175012,13:43:1687175012,0
792,20,13:43:1687175014,13:43:1687175014,0
793,476,13:43:1687175014,13:43:1687175014,0
794,20,13:43:1687175014,13:43:1687175014,0
795,476,13:43:1687175014,13:43:1687175014,0
796,432,13:43:1687175014,13:43:1687175014,0
797,476,13:43:1687175016,13:43:1687175016,0
798,20,13:43:1687175016,13:43:1687175016,0
799,476,13:43:1687175016,13:43:1687175016,0
800,432,13:43:1687175016,13:43:1687175016,0
801,301,13:43:1687175016,13:43:1687175016,0
802,20,13:43:1687175018,13:43:1687175018,0
803,476,13:43:1687175018,13:43:1687175018,0
804,20,13:43:1687175021,13:43:1687175021,0
805,476,13:43:1687175021,13:43:1687175021,0
806,20,13:43:1687175023,13:43:1687175033,10350
807,476,13:43:1687175033,13:43:1687175033,0
808,20,13:43:1687175035,13:43:1687175037,2150
809,476,13:43:1687175037,13:43:1687175039,2107
810,20,13:43:1687175039,13:43:1687175039,0
811,476,13:43:1687175039,13:44:1687175041,2029
812,20,13:44:1687175041,13:44:1687175041,0
813,476,13:44:1687175041,13:44:1687175041,0
814,20,13:44:1687175044,13:44:1687175044,-1
815,476,13:44:1687175044,13:44:1687175044,0
816,20,13:44:1687175046,13:44:1687175046,0
817,476,13:44:1687175046,13:44:1687175048,2181
818,20,13:44:1687175048,13:44:1687175048,0
819,476,13:44:1687175048,13:44:1687175048,0
820,20,13:44:1687175050,13:44:1687175050,1
821,476,13:44:1687175050,13:44:1687175050,0
822,20,13:44:1687175052,13:44:1687175052,0
823,476,13:44:1687175052,13:44:1687175052,0
824,20,13:44:1687175054,13:44:1687175079,24846
825,130,13:44:1687175079,13:44:1687175079,0
826,20,13:44:1687175079,13:44:1687175079,0
827,130,13:44:1687175079,13:44:1687175079,0
828,20,13:44:1687175081,13:44:1687175081,0
829,130,13:44:1687175081,13:44:1687175081,0
830,20,13:44:1687175081,13:44:1687175081,0
831,476,13:44:1687175081,13:44:1687175081,0
832,130,13:44:1687175081,13:44:1687175081,0
833,20,13:44:1687175083,13:44:1687175083,1
834,476,13:44:1687175083,13:44:1687175083,0
835,130,13:44:1687175083,13:44:1687175083,0
836,20,13:44:1687175085,13:44:1687175085,0
837,476,13:44:1687175085,13:44:1687175085,0
838,20,13:44:1687175085,13:44:1687175085,0
839,476,13:44:1687175085,13:44:1687175085,0
840,130,13:44:1687175085,13:44:1687175085,0
841,476,13:44:1687175088,13:44:1687175088,0
842,20,13:44:1687175088,13:44:1687175088,0
843,476,13:44:1687175088,13:44:1687175088,0
844,130,13:44:1687175088,13:44:1687175088,0
845,476,13:44:1687175090,13:44:1687175090,0
846,130,13:44:1687175090,13:44:1687175090,0
847,20,13:44:1687175090,13:44:1687175090,0
848,476,13:44:1687175090,13:44:1687175090,0
849,130,13:44:1687175090,13:44:1687175090,0
850,20,13:44:1687175092,13:44:1687175092,0
851,476,13:44:1687175092,13:44:1687175092,0
852,20,13:44:1687175092,13:44:1687175092,0
853,476,13:44:1687175092,13:44:1687175092,0
854,130,13:44:1687175092,13:44:1687175092,0
855,20,13:44:1687175094,13:44:1687175094,0
856,476,13:44:1687175094,13:44:1687175094,0
857,20,13:44:1687175096,13:44:1687175096,0
858,476,13:44:1687175096,13:44:1687175096,0
859,20,13:44:1687175098,13:44:1687175098,0
860,476,13:44:1687175098,13:44:1687175098,0
861,20,13:45:1687175100,13:45:1687175100,0
862,476,13:45:1687175100,13:45:1687175100,0
863,20,13:45:1687175100,13:45:1687175100,0
864,476,13:45:1687175100,13:45:1687175100,0
865,20,13:45:1687175102,13:45:1687175102,0
866,476,13:45:1687175102,13:45:1687175102,0
867,20,13:45:1687175104,13:45:1687175104,0
868,476,13:45:1687175104,13:45:1687175104,0
869,20,13:45:1687175107,13:45:1687175107,0
870,476,13:45:1687175107,13:45:1687175107,0
871,20,13:45:1687175109,13:45:1687175109,0
872,476,13:45:1687175109,13:45:1687175109,0
873,432,13:45:1687175111,13:45:1687175111,0
874,20,13:45:1687175111,13:45:1687175111,0
875,476,13:45:1687175111,13:45:1687175111,0
876,432,13:45:1687175111,13:45:1687175113,2152
877,20,13:45:1687175113,13:45:1687175113,0
878,476,13:45:1687175113,13:45:1687175113,0
879,432,13:45:1687175113,13:45:1687175113,0
880,20,13:45:1687175115,13:45:1687175115,-1
881,476,13:45:1687175115,13:45:1687175115,0
882,20,13:45:1687175117,13:45:1687175117,0
883,476,13:45:1687175117,13:45:1687175117,0
884,20,13:45:1687175117,13:45:1687175117,0
885,476,13:45:1687175117,13:45:1687175117,0
886,20,13:45:1687175119,13:45:1687175119,0
887,476,13:45:1687175119,13:45:1687175119,0
888,20,13:45:1687175121,13:45:1687175121,0
889,476,13:45:1687175121,13:45:1687175121,0
890,432,13:45:1687175123,13:45:1687175123,0
891,20,13:45:1687175123,13:45:1687175123,0
892,476,13:45:1687175123,13:45:1687175123,0
893,432,13:45:1687175123,13:45:1687175123,0
894,20,13:45:1687175126,13:45:1687175126,1
895,476,13:45:1687175126,13:45:1687175126,0
896,432,13:45:1687175126,13:45:1687175126,0
897,20,13:45:1687175128,13:45:1687175128,0
898,432,13:45:1687175128,13:45:1687175128,0
899,20,13:45:1687175128,13:45:1687175128,0
900,476,13:45:1687175128,13:45:1687175128,0
901,432,13:45:1687175128,13:45:1687175128,0
902,20,13:45:1687175130,13:45:1687175130,0
903,432,13:45:1687175130,13:45:1687175130,0
904,20,13:45:1687175130,13:45:1687175130,0
905,476,13:45:1687175130,13:45:1687175130,0
906,432,13:45:1687175130,13:45:1687175130,0
907,476,13:45:1687175132,13:45:1687175132,0
908,20,13:45:1687175132,13:45:1687175132,0
909,476,13:45:1687175132,13:45:1687175132,0
910,432,13:45:1687175132,13:45:1687175132,0
911,20,13:45:1687175135,13:45:1687175135,0
912,476,13:45:1687175135,13:45:1687175135,0
913,432,13:45:1687175135,13:45:1687175135,0
914,20,13:45:1687175137,13:45:1687175137,0
915,476,13:45:1687175137,13:45:1687175137,0
916,20,13:45:1687175139,13:45:1687175139,-1
917,476,13:45:1687175139,13:45:1687175139,0
918,20,13:45:1687175141,13:45:1687175141,-1
919,476,13:45:1687175141,13:45:1687175141,0
920,20,13:45:1687175144,13:45:1687175144,0
921,476,13:45:1687175144,13:45:1687175144,0
922,20,13:45:1687175146,13:45:1687175146,0
923,476,13:45:1687175146,13:45:1687175148,2274
924,20,13:45:1687175148,13:45:1687175148,0
925,476,13:45:1687175148,13:45:1687175148,0
926,20,13:45:1687175150,13:45:1687175150,-1
927,476,13:45:1687175150,13:45:1687175150,0
928,20,13:45:1687175152,13:45:1687175152,0
929,476,13:45:1687175152,13:45:1687175152,0
930,130,13:45:1687175152,13:45:1687175152,0
931,20,13:45:1687175155,13:45:1687175157,2156
932,130,13:45:1687175157,13:45:1687175157,0
933,20,13:45:1687175159,13:45:1687175159,0
934,476,13:45:1687175159,13:45:1687175159,0
935,130,13:45:1687175159,13:45:1687175159,0
936,20,13:46:1687175161,13:46:1687175161,0
937,476,13:46:1687175161,13:46:1687175161,0
938,130,13:46:1687175161,13:46:1687175161,0
939,476,13:46:1687175164,13:46:1687175164,0
940,20,13:46:1687175164,13:46:1687175164,0
941,476,13:46:1687175164,13:46:1687175164,0
942,20,13:46:1687175166,13:46:1687175166,0
943,476,13:46:1687175166,13:46:1687175166,0
944,130,13:46:1687175166,13:46:1687175166,0
945,20,13:46:1687175168,13:46:1687175168,0
946,476,13:46:1687175168,13:46:1687175168,0
947,20,13:46:1687175170,13:46:1687175170,0
948,476,13:46:1687175170,13:46:1687175170,0
949,20,13:46:1687175170,13:46:1687175170,0
950,476,13:46:1687175170,13:46:1687175170,0
951,20,13:46:1687175172,13:46:1687175172,0
952,476,13:46:1687175172,13:46:1687175172,0
953,130,13:46:1687175172,13:46:1687175172,0
954,20,13:46:1687175172,13:46:1687175172,0
955,476,13:46:1687175172,13:46:1687175172,0
956,130,13:46:1687175172,13:46:1687175172,0
957,301,13:46:1687175172,13:46:1687175172,0
958,130,13:46:1687175175,13:46:1687175175,0
959,20,13:46:1687175175,13:46:1687175175,0
960,476,13:46:1687175175,13:46:1687175175,0
961,130,13:46:1687175175,13:46:1687175175,0
962,20,13:46:1687175177,13:46:1687175177,0
963,130,13:46:1687175177,13:46:1687175177,0
964,20,13:46:1687175179,13:46:1687175181,2104
965,130,13:46:1687175181,13:46:1687175181,0
966,20,13:46:1687175181,13:46:1687175181,0
967,476,13:46:1687175181,13:46:1687175181,0
968,130,13:46:1687175181,13:46:1687175181,0
969,20,13:46:1687175183,13:46:1687175183,-1
970,130,13:46:1687175183,13:46:1687175183,0
971,20,13:46:1687175185,13:46:1687175204,18484
972,362,13:46:1687175204,13:46:1687175204,0
973,20,13:46:1687175206,13:46:1687175206,0
974,362,13:46:1687175206,13:46:1687175206,0
975,19,13:46:1687175208,13:46:1687175208,0
976,20,13:46:1687175208,13:46:1687175208,0
977,362,13:46:1687175208,13:46:1687175208,0
978,19,13:46:1687175208,13:46:1687175208,0
979,20,13:46:1687175210,13:46:1687175214,4095
980,362,13:46:1687175214,13:46:1687175216,2074
981,20,13:46:1687175216,13:46:1687175216,0
982,362,13:46:1687175216,13:46:1687175216,0
983,20,13:46:1687175218,13:46:1687175218,0
984,476,13:46:1687175218,13:46:1687175218,0
985,20,13:46:1687175218,13:46:1687175218,0
986,476,13:46:1687175218,13:46:1687175218,0
987,20,13:47:1687175220,13:47:1687175220,0
988,476,13:47:1687175220,13:47:1687175220,0
989,20,13:47:1687175222,13:47:1687175222,0
990,476,13:47:1687175222,13:47:1687175222,0
991,20,13:47:1687175225,13:47:1687175225,0
992,476,13:47:1687175225,13:47:1687175225,0
993,20,13:47:1687175225,13:47:1687175225,0
994,476,13:47:1687175225,13:47:1687175225,0
995,20,13:47:1687175227,13:47:1687175227,0
996,476,13:47:1687175227,13:47:1687175227,0
997,20,13:47:1687175227,13:47:1687175227,0
998,476,13:47:1687175227,13:47:1687175227,0
999,20,13:47:1687175229,13:47:1687175229,0
1000,476,13:47:1687175229,13:47:1687175229,0
1001,20,13:47:1687175229,13:47:1687175229,0
1002,476,13:47:1687175229,13:47:1687175229,0
1003,20,13:47:1687175231,13:47:1687175231,0
1004,476,13:47:1687175231,13:47:1687175231,0
1005,20,13:47:1687175233,13:47:1687175233,-1
1006,476,13:47:1687175233,13:47:1687175233,0
1007,20,13:47:1687175235,13:47:1687175235,0
1008,476,13:47:1687175235,13:47:1687175235,0
1009,20,13:47:1687175237,13:47:1687175237,0
1010,476,13:47:1687175237,13:47:1687175237,0
1011,20,13:47:1687175239,13:47:1687175239,0
1012,476,13:47:1687175239,13:47:1687175239,0
1013,20,13:47:1687175242,13:47:1687175242,0
1014,476,13:47:1687175242,13:47:1687175242,0
1015,20,13:47:1687175244,13:47:1687175244,0
1016,476,13:47:1687175244,13:47:1687175244,0
1017,20,13:47:1687175246,13:47:1687175246,0
1018,476,13:47:1687175246,13:47:1687175246,0
1019,20,13:47:1687175248,13:47:1687175248,0
1020,476,13:47:1687175248,13:47:1687175250,2129
1021,20,13:47:1687175250,13:47:1687175250,0
1022,476,13:47:1687175250,13:47:1687175250,0
1023,20,13:47:1687175252,13:47:1687175252,0
1024,476,13:47:1687175252,13:47:1687175252,0
1025,20,13:47:1687175252,13:47:1687175252,0
1026,476,13:47:1687175252,13:47:1687175252,0
1027,20,13:47:1687175254,13:47:1687175254,0
1028,476,13:47:1687175254,13:47:1687175254,0
1029,20,13:47:1687175254,13:47:1687175254,0
1030,476,13:47:1687175254,13:47:1687175256,2129
1031,20,13:47:1687175256,13:47:1687175256,0
1032,476,13:47:1687175256,13:47:1687175256,0
1033,20,13:47:1687175259,13:47:1687175259,0
1034,476,13:47:1687175259,13:47:1687175259,0
1035,20,13:47:1687175261,13:47:1687175261,0
1036,476,13:47:1687175261,13:47:1687175261,0
1037,20,13:47:1687175263,13:47:1687175263,0
1038,476,13:47:1687175263,13:47:1687175263,0
1039,20,13:47:1687175263,13:47:1687175263,0
1040,476,13:47:1687175263,13:47:1687175263,0
1041,20,13:47:1687175265,13:47:1687175265,0
1042,476,13:47:1687175265,13:47:1687175265,0
1043,20,13:47:1687175265,13:47:1687175265,0
1044,476,13:47:1687175265,13:47:1687175265,0
1045,20,13:47:1687175267,13:47:1687175267,0
1046,476,13:47:1687175267,13:47:1687175267,0
1047,20,13:47:1687175269,13:47:1687175269,0
1048,476,13:47:1687175269,13:47:1687175269,0
1049,20,13:47:1687175271,13:47:1687175271,1
1050,476,13:47:1687175271,13:47:1687175271,0
1051,20,13:47:1687175273,13:47:1687175275,2095
1052,476,13:47:1687175275,13:47:1687175278,2141
1053,20,13:47:1687175278,13:47:1687175278,0
1054,476,13:47:1687175278,13:47:1687175278,0
1055,130,13:47:1687175278,13:48:1687175280,2164
1056,20,13:48:1687175280,13:48:1687175280,0
1057,476,13:48:1687175280,13:48:1687175280,0
1058,130,13:48:1687175280,13:48:1687175280,0
1059,20,13:48:1687175282,13:48:1687175282,0
1060,476,13:48:1687175282,13:48:1687175282,0
1061,20,13:48:1687175282,13:48:1687175282,0
1062,476,13:48:1687175282,13:48:1687175284,2152
1063,20,13:48:1687175284,13:48:1687175284,0
1064,476,13:48:1687175284,13:48:1687175284,0
1065,20,13:48:1687175286,13:48:1687175286,0
1066,476,13:48:1687175286,13:48:1687175286,0
1067,20,13:48:1687175286,13:48:1687175286,0
1068,476,13:48:1687175286,13:48:1687175286,0
1069,20,13:48:1687175288,13:48:1687175288,0
1070,476,13:48:1687175288,13:48:1687175288,0
1071,301,13:48:1687175288,13:48:1687175288,0
1072,20,13:48:1687175290,13:48:1687175290,0
1073,476,13:48:1687175290,13:48:1687175290,0
1074,130,13:48:1687175290,13:48:1687175290,0
1075,476,13:48:1687175293,13:48:1687175293,0
1076,130,13:48:1687175293,13:48:1687175293,0
1077,20,13:48:1687175293,13:48:1687175293,0
1078,476,13:48:1687175293,13:48:1687175293,0
1079,130,13:48:1687175293,13:48:1687175293,0
1080,301,13:48:1687175293,13:48:1687175293,0
1081,20,13:48:1687175295,13:48:1687175295,0
1082,476,13:48:1687175295,13:48:1687175297,2130
1083,20,13:48:1687175297,13:48:1687175297,0
1084,476,13:48:1687175297,13:48:1687175297,0
1085,20,13:48:1687175299,13:48:1687175299,0
1086,476,13:48:1687175299,13:48:1687175299,0
1087,20,13:48:1687175301,13:48:1687175301,0
1088,476,13:48:1687175301,13:48:1687175301,0
1089,20,13:48:1687175303,13:48:1687175303,1
1090,476,13:48:1687175303,13:48:1687175305,2106
1091,20,13:48:1687175305,13:48:1687175305,0
1092,476,13:48:1687175305,13:48:1687175305,0
1093,20,13:48:1687175308,13:48:1687175308,-1
1094,476,13:48:1687175308,13:48:1687175310,2156
1095,20,13:48:1687175310,13:48:1687175310,0
1096,476,13:48:1687175310,13:48:1687175310,0
1097,130,13:48:1687175310,13:48:1687175310,0
1098,20,13:48:1687175312,13:48:1687175312,0
1099,476,13:48:1687175312,13:48:1687175312,0
1100,20,13:48:1687175312,13:48:1687175312,0
1101,476,13:48:1687175312,13:48:1687175314,2121
1102,20,13:48:1687175314,13:48:1687175314,0
1103,476,13:48:1687175314,13:48:1687175314,0
1104,20,13:48:1687175316,13:48:1687175316,0
1105,476,13:48:1687175316,13:48:1687175316,0
1106,20,13:48:1687175316,13:48:1687175316,0
1107,476,13:48:1687175316,13:48:1687175316,0
1108,301,13:48:1687175318,13:48:1687175318,0
1109,20,13:48:1687175318,13:48:1687175318,0
1110,476,13:48:1687175318,13:48:1687175318,0
1111,301,13:48:1687175318,13:48:1687175318,0
1112,476,13:48:1687175320,13:48:1687175320,0
1113,20,13:48:1687175320,13:48:1687175320,0
1114,476,13:48:1687175320,13:48:1687175322,2090
1115,20,13:48:1687175322,13:48:1687175322,0
1116,476,13:48:1687175322,13:48:1687175322,0
1117,20,13:48:1687175325,13:48:1687175325,0
1118,476,13:48:1687175325,13:48:1687175325,0
1119,20,13:48:1687175325,13:48:1687175325,0
1120,476,13:48:1687175325,13:48:1687175325,0
1121,20,13:48:1687175327,13:48:1687175327,0
1122,476,13:48:1687175327,13:48:1687175327,0
1123,20,13:48:1687175329,13:48:1687175329,0
1124,476,13:48:1687175329,13:48:1687175329,0
1125,20,13:48:1687175331,13:48:1687175331,0
1126,476,13:48:1687175331,13:48:1687175331,0
1127,130,13:48:1687175331,13:48:1687175333,2188
1128,20,13:48:1687175333,13:48:1687175333,0
1129,476,13:48:1687175333,13:48:1687175333,0
1130,130,13:48:1687175333,13:48:1687175333,0
1131,476,13:48:1687175335,13:48:1687175335,0
1132,20,13:48:1687175335,13:48:1687175335,0
1133,362,13:48:1687175335,13:48:1687175335,0
1134,476,13:48:1687175335,13:48:1687175335,0
1135,130,13:48:1687175335,13:48:1687175335,0
1136,20,13:48:1687175337,13:48:1687175337,1
1137,476,13:48:1687175337,13:48:1687175337,0
1138,20,13:49:1687175340,13:49:1687175340,0
1139,476,13:49:1687175340,13:49:1687175340,0
1140,20,13:49:1687175342,13:49:1687175342,0
1141,476,13:49:1687175342,13:49:1687175342,0
1142,362,13:49:1687175344,13:49:1687175344,0
1143,476,13:49:1687175344,13:49:1687175344,0
1144,20,13:49:1687175344,13:49:1687175344,0
1145,362,13:49:1687175344,13:49:1687175344,0
1146,476,13:49:1687175344,13:49:1687175344,0
1147,20,13:49:1687175346,13:49:1687175346,0
1148,476,13:49:1687175346,13:49:1687175346,0
1149,20,13:49:1687175348,13:49:1687175348,0
1150,362,13:49:1687175348,13:49:1687175348,0
1151,432,13:49:1687175348,13:49:1687175348,0
1152,476,13:49:1687175348,13:49:1687175348,0
1153,20,13:49:1687175350,13:49:1687175350,0
1154,476,13:49:1687175350,13:49:1687175350,0
1155,20,13:49:1687175350,13:49:1687175350,0
1156,362,13:49:1687175350,13:49:1687175350,0
1157,432,13:49:1687175350,13:49:1687175350,0
1158,476,13:49:1687175350,13:49:1687175350,0
1159,20,13:49:1687175353,13:49:1687175353,0
1160,362,13:49:1687175353,13:49:1687175353,0
1161,432,13:49:1687175353,13:49:1687175353,0
1162,476,13:49:1687175353,13:49:1687175353,0
1163,20,13:49:1687175355,13:49:1687175355,0
1164,432,13:49:1687175355,13:49:1687175355,0
1165,20,13:49:1687175355,13:49:1687175355,0
1166,432,13:49:1687175355,13:49:1687175355,0
1167,476,13:49:1687175357,13:49:1687175357,0
1168,432,13:49:1687175357,13:49:1687175357,0
1169,20,13:49:1687175357,13:49:1687175357,0
1170,476,13:49:1687175357,13:49:1687175357,0
1171,432,13:49:1687175357,13:49:1687175357,0
1172,476,13:49:1687175359,13:49:1687175359,0
1173,20,13:49:1687175359,13:49:1687175359,0
1174,476,13:49:1687175359,13:49:1687175359,0
1175,20,13:49:1687175361,13:49:1687175361,0
1176,432,13:49:1687175361,13:49:1687175361,0
1177,476,13:49:1687175361,13:49:1687175361,0
1178,130,13:49:1687175363,13:49:1687175363,0
1179,20,13:49:1687175363,13:49:1687175363,0
1180,476,13:49:1687175363,13:49:1687175363,0
1181,130,13:49:1687175363,13:49:1687175363,0
1182,20,13:49:1687175365,13:49:1687175365,0
1183,476,13:49:1687175365,13:49:1687175365,0
1184,432,13:49:1687175365,13:49:1687175365,0
1185,130,13:49:1687175365,13:49:1687175365,0
1186,20,13:49:1687175367,13:49:1687175367,0
1187,476,13:49:1687175367,13:49:1687175367,0
1188,20,13:49:1687175370,13:49:1687175370,1
1189,476,13:49:1687175370,13:49:1687175370,0
1190,20,13:49:1687175372,13:49:1687175372,-1
1191,476,13:49:1687175372,13:49:1687175372,0
1192,20,13:49:1687175374,13:49:1687175374,0
1193,362,13:49:1687175374,13:49:1687175374,0
1194,476,13:49:1687175374,13:49:1687175374,0
1195,20,13:49:1687175374,13:49:1687175374,0
1196,362,13:49:1687175374,13:49:1687175374,0
1197,476,13:49:1687175374,13:49:1687175374,0
1198,20,13:49:1687175376,13:49:1687175376,0
1199,362,13:49:1687175376,13:49:1687175376,0
1200,20,13:49:1687175378,13:49:1687175378,0
1201,362,13:49:1687175378,13:49:1687175378,0
1202,20,13:49:1687175381,13:49:1687175381,0
1203,362,13:49:1687175381,13:49:1687175381,0
1204,307,13:49:1687175381,13:49:1687175381,0
1205,362,13:49:1687175383,13:49:1687175383,0
1206,20,13:49:1687175383,13:49:1687175383,0
1207,362,13:49:1687175383,13:49:1687175383,0
1208,307,13:49:1687175383,13:49:1687175383,0
1209,362,13:49:1687175385,13:49:1687175394,8699
1210,434,13:49:1687175394,13:49:1687175394,0
1211,362,13:49:1687175394,13:49:1687175394,0
1212,434,13:49:1687175394,13:49:1687175394,0
1213,362,13:49:1687175396,13:49:1687175396,0
1214,434,13:49:1687175396,13:49:1687175396,0
1215,362,13:49:1687175398,13:49:1687175398,0
1216,432,13:50:1687175400,13:50:1687175420,19511
1217,434,13:50:1687175422,13:50:1687175422,0
1218,432,13:50:1687175422,13:50:1687175422,0
1219,434,13:50:1687175422,13:50:1687175422,0
1220,361,13:50:1687175422,13:50:1687175422,0
1221,432,13:50:1687175424,13:50:1687175424,0
1222,361,13:50:1687175424,13:50:1687175424,0
1223,432,13:50:1687175424,13:50:1687175424,0
1224,361,13:50:1687175424,13:50:1687175424,0
1225,434,13:50:1687175427,13:50:1687175427,0
1226,361,13:50:1687175427,13:50:1687175427,0
1227,432,13:50:1687175427,13:50:1687175427,0
1228,434,13:50:1687175427,13:50:1687175427,0
1229,361,13:50:1687175427,13:50:1687175429,2305
1230,432,13:50:1687175429,13:50:1687175429,0
1231,434,13:50:1687175429,13:50:1687175429,0
1232,361,13:50:1687175429,13:50:1687175429,0
1233,434,13:50:1687175431,13:50:1687175431,0
1234,432,13:50:1687175431,13:50:1687175431,0
1235,434,13:50:1687175431,13:50:1687175431,0
1236,361,13:50:1687175431,13:50:1687175433,2214
1237,432,13:50:1687175433,13:50:1687175433,0
1238,361,13:50:1687175433,13:50:1687175433,0
1239,434,13:50:1687175436,13:50:1687175436,0
1240,432,13:50:1687175436,13:50:1687175436,0
1241,434,13:50:1687175436,13:50:1687175436,0
1242,361,13:50:1687175436,13:50:1687175436,0
1243,432,13:50:1687175438,13:50:1687175438,0
1244,361,13:50:1687175438,13:50:1687175438,0
1245,434,13:50:1687175438,13:50:1687175438,0
1246,432,13:50:1687175438,13:50:1687175438,0
1247,434,13:50:1687175438,13:50:1687175438,0
1248,361,13:50:1687175438,13:50:1687175438,0
1249,434,13:50:1687175440,13:50:1687175440,0
1250,361,13:50:1687175440,13:50:1687175440,0
1251,432,13:50:1687175440,13:50:1687175440,0
1252,434,13:50:1687175440,13:50:1687175440,0
1253,361,13:50:1687175440,13:50:1687175440,0
1254,432,13:50:1687175442,13:50:1687175442,0
1255,434,13:50:1687175442,13:50:1687175442,0
1256,362,13:50:1687175442,13:50:1687175442,0
1257,432,13:50:1687175445,13:50:1687175445,0
1258,434,13:50:1687175445,13:50:1687175445,0
1259,432,13:50:1687175445,13:50:1687175445,0
1260,434,13:50:1687175445,13:50:1687175445,0
1261,362,13:50:1687175445,13:50:1687175445,0
1262,432,13:50:1687175447,13:50:1687175447,-1
1263,434,13:50:1687175447,13:50:1687175447,0
1264,362,13:50:1687175447,13:50:1687175447,0
1265,434,13:50:1687175449,13:50:1687175449,0
1266,432,13:50:1687175449,13:50:1687175449,0
1267,434,13:50:1687175449,13:50:1687175449,0
1268,362,13:50:1687175449,13:50:1687175449,0
1269,432,13:50:1687175451,13:50:1687175451,0
1270,434,13:50:1687175451,13:50:1687175451,0
1271,432,13:50:1687175451,13:50:1687175451,0
1272,434,13:50:1687175451,13:50:1687175451,0
1273,433,13:50:1687175451,13:50:1687175451,0
1274,362,13:50:1687175451,13:50:1687175451,0
1275,432,13:50:1687175453,13:50:1687175453,0
1276,433,13:50:1687175453,13:50:1687175453,0
1277,362,13:50:1687175453,13:50:1687175453,0
1278,432,13:50:1687175453,13:50:1687175453,0
1279,433,13:50:1687175453,13:50:1687175453,0
1280,434,13:50:1687175453,13:50:1687175453,0
1281,362,13:50:1687175453,13:50:1687175453,0
1282,434,13:50:1687175456,13:50:1687175456,0
1283,432,13:50:1687175456,13:50:1687175456,0
1284,434,13:50:1687175456,13:50:1687175456,0
1285,433,13:50:1687175456,13:50:1687175456,0
1286,362,13:50:1687175456,13:50:1687175456,0
1287,434,13:50:1687175458,13:50:1687175458,0
1288,362,13:50:1687175458,13:50:1687175458,0
1289,432,13:50:1687175458,13:50:1687175458,0
1290,434,13:50:1687175458,13:50:1687175458,0
1291,362,13:50:1687175458,13:51:1687175460,2231
1292,432,13:51:1687175460,13:51:1687175460,0
1293,434,13:51:1687175460,13:51:1687175460,0
1294,433,13:51:1687175460,13:51:1687175460,0
1295,362,13:51:1687175460,13:51:1687175460,0
1296,432,13:51:1687175462,13:51:1687175462,0
1297,434,13:51:1687175462,13:51:1687175462,0
1298,432,13:51:1687175462,13:51:1687175462,0
1299,433,13:51:1687175462,13:51:1687175462,0
1300,434,13:51:1687175465,13:51:1687175465,0
1301,432,13:51:1687175465,13:51:1687175465,0
1302,433,13:51:1687175465,13:51:1687175465,0
1303,362,13:51:1687175465,13:51:1687175465,0
1304,432,13:51:1687175467,13:51:1687175467,0
1305,434,13:51:1687175467,13:51:1687175467,0
1306,432,13:51:1687175467,13:51:1687175467,0
1307,362,13:51:1687175467,13:51:1687175467,0
1308,434,13:51:1687175469,13:51:1687175469,0
1309,432,13:51:1687175469,13:51:1687175469,0
1310,362,13:51:1687175469,13:51:1687175469,0
1311,434,13:51:1687175471,13:51:1687175471,0
1312,432,13:51:1687175471,13:51:1687175471,0
1313,362,13:51:1687175471,13:51:1687175471,0
1314,434,13:51:1687175473,13:51:1687175473,0
1315,432,13:51:1687175473,13:51:1687175473,0
1316,434,13:51:1687175473,13:51:1687175473,0
1317,432,13:51:1687175473,13:51:1687175473,0
1318,434,13:51:1687175476,13:51:1687175476,0
1319,432,13:51:1687175476,13:51:1687175476,0
1320,434,13:51:1687175478,13:51:1687175478,-1
1321,432,13:51:1687175478,13:51:1687175478,0
1322,362,13:51:1687175478,13:51:1687175478,0
1323,432,13:51:1687175480,13:51:1687175480,0
1324,362,13:51:1687175480,13:51:1687175480,0
1325,434,13:51:1687175480,13:51:1687175480,0
1326,432,13:51:1687175480,13:51:1687175480,0
1327,362,13:51:1687175480,13:51:1687175480,0
1328,432,13:51:1687175482,13:51:1687175482,0
1329,434,13:51:1687175482,13:51:1687175482,0
1330,432,13:51:1687175482,13:51:1687175482,0
1331,434,13:51:1687175484,13:51:1687175484,0
1332,432,13:51:1687175484,13:51:1687175484,0
1333,362,13:51:1687175484,13:51:1687175484,0
1334,432,13:51:1687175486,13:51:1687175486,0
1335,434,13:51:1687175486,13:51:1687175486,0
1336,432,13:51:1687175486,13:51:1687175486,0
1337,434,13:51:1687175489,13:51:1687175489,-1
1338,432,13:51:1687175489,13:51:1687175489,0
1339,434,13:51:1687175491,13:51:1687175493,2247
1340,432,13:51:1687175495,13:51:1687175495,0
1341,434,13:51:1687175495,13:51:1687175495,0
1342,432,13:51:1687175495,13:51:1687175495,0
1343,362,13:51:1687175495,13:51:1687175495,0
1344,434,13:51:1687175498,13:51:1687175506,8659
1345,362,13:51:1687175506,13:51:1687175506,0
1346,434,13:51:1687175508,13:53:1687175602,94107
1347,17,13:53:1687175605,13:53:1687175605,0
1348,434,13:53:1687175605,13:53:1687175605,0
1349,17,13:53:1687175605,13:53:1687175605,0
1350,434,13:53:1687175607,13:53:1687175609,2148
1351,17,13:53:1687175609,13:53:1687175609,0
1352,434,13:53:1687175611,13:53:1687175611,0
1353,17,13:53:1687175611,13:53:1687175613,2258
1354,434,13:53:1687175613,13:53:1687175613,0
1355,17,13:53:1687175613,13:53:1687175613,0
1356,434,13:53:1687175615,13:53:1687175615,0
1357,17,13:53:1687175615,13:53:1687175618,2239
1358,434,13:53:1687175618,13:53:1687175618,0
1359,17,13:53:1687175618,13:53:1687175618,0
1360,434,13:53:1687175620,13:53:1687175620,0
1361,17,13:53:1687175620,13:53:1687175622,2152
1362,434,13:53:1687175622,13:53:1687175622,0
1363,17,13:53:1687175622,13:53:1687175622,0
1364,434,13:53:1687175624,13:53:1687175624,0
1365,17,13:53:1687175624,13:53:1687175624,0
1366,434,13:53:1687175626,13:53:1687175633,6401
1367,17,13:53:1687175633,13:53:1687175633,0
1368,434,13:53:1687175635,13:53:1687175635,-1
1369,17,13:53:1687175635,13:53:1687175635,0
1370,434,13:53:1687175637,13:53:1687175637,0
1371,17,13:53:1687175637,13:53:1687175637,0
1372,434,13:53:1687175639,13:54:1687175642,2180
1373,17,13:54:1687175642,13:54:1687175642,0
1374,434,13:54:1687175644,13:54:1687175646,2160
1375,17,13:54:1687175646,13:54:1687175646,0
1376,434,13:54:1687175648,13:54:1687175648,0
1377,17,13:54:1687175648,13:54:1687175648,0
1378,434,13:54:1687175650,13:54:1687175650,0
1379,17,13:54:1687175650,13:54:1687175650,0
1380,434,13:54:1687175652,13:54:1687175652,1
1381,17,13:54:1687175652,13:54:1687175652,0
1382,434,13:54:1687175655,13:54:1687175657,2132
1383,17,13:54:1687175657,13:54:1687175657,0
1384,360,13:54:1687175657,13:54:1687175657,0
1385,434,13:54:1687175659,13:54:1687175659,1
1386,17,13:54:1687175659,13:54:1687175659,0
1387,434,13:54:1687175661,13:54:1687175661,0
1388,17,13:54:1687175661,13:54:1687175661,0
1389,434,13:54:1687175663,13:54:1687175663,1
1390,17,13:54:1687175663,13:54:1687175663,0
1391,434,13:54:1687175665,13:54:1687175665,0
1392,360,13:54:1687175665,13:54:1687175665,0
1393,17,13:54:1687175665,13:54:1687175665,0
1394,434,13:54:1687175668,13:54:1687175670,2191
1395,237,13:54:1687175670,13:54:1687175670,0
1396,17,13:54:1687175670,13:54:1687175670,0
1397,434,13:54:1687175672,13:54:1687175672,0
1398,237,13:54:1687175672,13:54:1687175672,0
1399,17,13:54:1687175672,13:54:1687175672,0
1400,434,13:54:1687175672,13:54:1687175672,0
1401,237,13:54:1687175672,13:54:1687175672,0
1402,17,13:54:1687175672,13:54:1687175672,0
1403,360,13:54:1687175672,13:54:1687175672,0
1404,434,13:54:1687175674,13:54:1687175674,0
1405,237,13:54:1687175674,13:54:1687175674,0
1406,17,13:54:1687175674,13:54:1687175676,2063
1407,434,13:54:1687175676,13:54:1687175676,0
1408,237,13:54:1687175676,13:54:1687175676,0
1409,17,13:54:1687175676,13:54:1687175676,0
1410,434,13:54:1687175679,13:54:1687175679,0
1411,237,13:54:1687175679,13:54:1687175679,0
1412,360,13:54:1687175679,13:54:1687175679,0
1413,434,13:54:1687175679,13:54:1687175679,0
1414,237,13:54:1687175679,13:54:1687175679,0
1415,17,13:54:1687175679,13:54:1687175679,0
1416,360,13:54:1687175679,13:54:1687175679,0
1417,237,13:54:1687175681,13:54:1687175681,0
1418,434,13:54:1687175681,13:54:1687175681,0
1419,237,13:54:1687175681,13:54:1687175681,0
1420,360,13:54:1687175681,13:54:1687175681,0
1421,17,13:54:1687175681,13:54:1687175683,2171
1422,434,13:54:1687175683,13:54:1687175683,0
1423,17,13:54:1687175683,13:54:1687175683,0
1424,237,13:54:1687175685,13:54:1687175685,0
1425,17,13:54:1687175685,13:54:1687175685,0
1426,434,13:54:1687175685,13:54:1687175685,0
1427,237,13:54:1687175685,13:54:1687175685,0
1428,17,13:54:1687175685,13:54:1687175685,0
1429,360,13:54:1687175685,13:54:1687175685,0
1430,434,13:54:1687175687,13:54:1687175687,0
1431,17,13:54:1687175687,13:54:1687175687,0
1432,434,13:54:1687175687,13:54:1687175687,0
1433,17,13:54:1687175687,13:54:1687175687,0
1434,434,13:54:1687175689,13:54:1687175689,1
1435,17,13:54:1687175691,13:54:1687175691,0
1436,434,13:54:1687175691,13:54:1687175691,0
1437,17,13:54:1687175691,13:54:1687175691,0
1438,434,13:54:1687175694,13:54:1687175694,0
1439,17,13:54:1687175694,13:54:1687175696,2088
1440,434,13:54:1687175696,13:54:1687175696,0
1441,237,13:54:1687175696,13:54:1687175696,0
1442,17,13:54:1687175696,13:54:1687175696,0
1443,434,13:54:1687175698,13:55:1687175700,2100
1444,237,13:55:1687175700,13:55:1687175700,0
1445,17,13:55:1687175700,13:55:1687175700,0
1446,434,13:55:1687175702,13:55:1687175702,0
1447,237,13:55:1687175702,13:55:1687175702,0
1448,434,13:55:1687175704,13:55:1687175706,2086
1449,237,13:55:1687175706,13:55:1687175706,0
1450,17,13:55:1687175706,13:55:1687175706,0
1451,434,13:55:1687175708,13:55:1687175708,0
1452,17,13:55:1687175708,13:55:1687175708,0
1453,434,13:55:1687175711,13:55:1687175711,0
1454,17,13:55:1687175711,13:55:1687175711,0
1455,434,13:55:1687175713,13:55:1687175713,0
1456,237,13:55:1687175713,13:55:1687175713,0
1457,17,13:55:1687175713,13:55:1687175713,0
1458,434,13:55:1687175713,13:55:1687175713,0
1459,237,13:55:1687175713,13:55:1687175713,0
1460,17,13:55:1687175713,13:55:1687175713,0
1461,434,13:55:1687175715,13:55:1687175715,-1
1462,17,13:55:1687175715,13:55:1687175715,0
1463,434,13:55:1687175717,13:55:1687175717,0
1464,17,13:55:1687175717,13:55:1687175717,0
1465,434,13:55:1687175717,13:55:1687175717,0
1466,360,13:55:1687175717,13:55:1687175717,0
1467,17,13:55:1687175717,13:55:1687175717,0
1468,434,13:55:1687175719,13:55:1687175719,0
1469,237,13:55:1687175719,13:55:1687175719,0
1470,434,13:55:1687175719,13:55:1687175719,0
1471,237,13:55:1687175719,13:55:1687175719,0
1472,17,13:55:1687175719,13:55:1687175719,0
1473,237,13:55:1687175721,13:55:1687175721,0
1474,434,13:55:1687175721,13:55:1687175721,0
1475,237,13:55:1687175721,13:55:1687175721,0
1476,17,13:55:1687175721,13:55:1687175721,0
1477,237,13:55:1687175723,13:55:1687175723,0
1478,434,13:55:1687175723,13:55:1687175723,0
1479,237,13:55:1687175723,13:55:1687175723,0
1480,434,13:55:1687175725,13:55:1687175725,0
1481,17,13:55:1687175725,13:55:1687175725,0
1482,434,13:55:1687175727,13:55:1687175727,-1
1483,237,13:55:1687175727,13:55:1687175727,0
1484,17,13:55:1687175727,13:55:1687175727,0
1485,434,13:55:1687175730,13:55:1687175730,-1
1486,237,13:55:1687175730,13:55:1687175730,0
1487,17,13:55:1687175730,13:55:1687175730,0
1488,434,13:55:1687175732,13:55:1687175732,0
1489,17,13:55:1687175732,13:55:1687175732,0
1490,434,13:55:1687175732,13:55:1687175732,0
1491,17,13:55:1687175732,13:55:1687175732,0
1492,434,13:55:1687175734,13:55:1687175734,0
1493,237,13:55:1687175734,13:55:1687175734,0
1494,17,13:55:1687175734,13:55:1687175734,0
1495,434,13:55:1687175734,13:55:1687175734,0
1496,237,13:55:1687175734,13:55:1687175734,0
1497,17,13:55:1687175734,13:55:1687175734,0
1498,434,13:55:1687175736,13:55:1687175736,-1
1499,237,13:55:1687175736,13:55:1687175738,2091
1500,434,13:55:1687175738,13:55:1687175738,0
1501,237,13:55:1687175738,13:55:1687175740,2100
1502,17,13:55:1687175740,13:55:1687175740,0
1503,434,13:55:1687175740,13:55:1687175740,0
1504,237,13:55:1687175740,13:55:1687175740,0
1505,17,13:55:1687175740,13:55:1687175740,0
1506,237,13:55:1687175742,13:55:1687175742,0
1507,434,13:55:1687175742,13:55:1687175742,0
1508,237,13:55:1687175742,13:55:1687175742,0
1509,17,13:55:1687175742,13:55:1687175742,0
1510,434,13:55:1687175744,13:55:1687175744,0
1511,17,13:55:1687175744,13:55:1687175744,0
1512,434,13:55:1687175744,13:55:1687175744,0
1513,237,13:55:1687175744,13:55:1687175744,0
1514,17,13:55:1687175744,13:55:1687175744,0
1515,434,13:55:1687175747,13:55:1687175747,-1
1516,237,13:55:1687175747,13:55:1687175747,0
1517,434,13:55:1687175749,13:55:1687175749,0
1518,237,13:55:1687175749,13:55:1687175749,0
1519,17,13:55:1687175749,13:55:1687175749,0
1520,434,13:55:1687175749,13:55:1687175749,0
1521,237,13:55:1687175749,13:55:1687175749,0
1522,17,13:55:1687175749,13:55:1687175749,0
1523,434,13:55:1687175751,13:55:1687175751,0
1524,237,13:55:1687175751,13:55:1687175751,0
1525,434,13:55:1687175751,13:55:1687175751,0
1526,237,13:55:1687175751,13:55:1687175751,0
1527,434,13:55:1687175753,13:55:1687175753,0
1528,17,13:55:1687175753,13:55:1687175753,0
1529,434,13:55:1687175753,13:55:1687175753,0
1530,237,13:55:1687175753,13:55:1687175753,0
1531,17,13:55:1687175753,13:55:1687175753,0
1532,361,13:55:1687175755,13:55:1687175757,2054
1533,360,13:55:1687175757,13:55:1687175757,0
1534,237,13:55:1687175757,13:55:1687175757,0
1535,361,13:55:1687175757,13:55:1687175757,0
1536,17,13:55:1687175757,13:55:1687175757,0
1537,360,13:55:1687175757,13:55:1687175757,0
1538,237,13:55:1687175757,13:55:1687175757,0
1539,360,13:55:1687175759,13:55:1687175759,0
1540,361,13:55:1687175759,13:55:1687175759,0
1541,17,13:55:1687175759,13:55:1687175759,0
1542,360,13:55:1687175759,13:55:1687175759,0
1543,237,13:55:1687175759,13:55:1687175759,0
1544,361,13:56:1687175761,13:56:1687175761,0
1545,17,13:56:1687175761,13:56:1687175761,0
1546,361,13:56:1687175761,13:56:1687175761,0
1547,434,13:56:1687175761,13:56:1687175761,0
1548,17,13:56:1687175764,13:56:1687175764,0
1549,361,13:56:1687175764,13:56:1687175764,0
1550,434,13:56:1687175764,13:56:1687175764,0
1551,17,13:56:1687175766,13:56:1687175766,0
1552,361,13:56:1687175766,13:56:1687175766,0
1553,434,13:56:1687175766,13:56:1687175766,0
1554,17,13:56:1687175768,13:56:1687175768,0
1555,434,13:56:1687175768,13:56:1687175768,0
1556,17,13:56:1687175768,13:56:1687175768,0
1557,361,13:56:1687175768,13:56:1687175768,0
1558,360,13:56:1687175768,13:56:1687175768,0
1559,434,13:56:1687175768,13:56:1687175768,0
1560,17,13:56:1687175770,13:56:1687175770,0
1561,361,13:56:1687175770,13:56:1687175770,0
1562,360,13:56:1687175770,13:56:1687175770,0
1563,434,13:56:1687175770,13:56:1687175770,0
1564,361,13:56:1687175772,13:56:1687175772,0
1565,360,13:56:1687175772,13:56:1687175772,0
1566,17,13:56:1687175772,13:56:1687175772,0
1567,361,13:56:1687175772,13:56:1687175772,0
1568,360,13:56:1687175772,13:56:1687175772,0
1569,434,13:56:1687175772,13:56:1687175772,0
1570,17,13:56:1687175774,13:56:1687175774,0
1571,361,13:56:1687175774,13:56:1687175774,0
1572,360,13:56:1687175774,13:56:1687175774,0
1573,434,13:56:1687175774,13:56:1687175774,0
1574,17,13:56:1687175776,13:56:1687175776,0
1575,361,13:56:1687175776,13:56:1687175776,0
1576,434,13:56:1687175776,13:56:1687175776,0
1577,17,13:56:1687175776,13:56:1687175776,0
1578,361,13:56:1687175776,13:56:1687175776,0
1579,360,13:56:1687175776,13:56:1687175776,0
1580,434,13:56:1687175776,13:56:1687175776,0
1581,17,13:56:1687175779,13:56:1687175779,0
1582,434,13:56:1687175779,13:56:1687175779,0
1583,17,13:56:1687175779,13:56:1687175779,0
1584,361,13:56:1687175779,13:56:1687175779,0
1585,434,13:56:1687175779,13:56:1687175781,2193
1586,237,13:56:1687175781,13:56:1687175781,0
1587,434,13:56:1687175781,13:56:1687175781,0
1588,237,13:56:1687175783,13:56:1687175783,0
1589,434,13:56:1687175783,13:56:1687175783,0
1590,361,13:56:1687175783,13:56:1687175783,0
1591,17,13:56:1687175785,13:56:1687175785,-1
1592,361,13:56:1687175785,13:56:1687175785,0
1593,434,13:56:1687175785,13:56:1687175785,0
1594,361,13:56:1687175787,13:56:1687175787,0
1595,434,13:56:1687175787,13:56:1687175787,0
1596,17,13:56:1687175787,13:56:1687175787,0
1597,361,13:56:1687175787,13:56:1687175787,0
1598,434,13:56:1687175787,13:56:1687175787,0
1599,17,13:56:1687175789,13:56:1687175789,0
1600,361,13:56:1687175789,13:56:1687175789,0
1601,434,13:56:1687175789,13:56:1687175789,0
1602,361,13:56:1687175792,13:56:1687175792,0
1603,17,13:56:1687175792,13:56:1687175792,0
1604,361,13:56:1687175792,13:56:1687175792,0
1605,17,13:56:1687175794,13:56:1687175794,0
1606,361,13:56:1687175794,13:56:1687175794,0
1607,434,13:56:1687175794,13:56:1687175794,0
1608,17,13:56:1687175794,13:56:1687175794,0
1609,361,13:56:1687175794,13:56:1687175794,0
1610,434,13:56:1687175794,13:56:1687175796,2194
1611,17,13:56:1687175796,13:56:1687175796,0
1612,361,13:56:1687175796,13:56:1687175796,0
1613,434,13:56:1687175796,13:56:1687175796,0
1614,17,13:56:1687175798,13:56:1687175802,4153
1615,434,13:56:1687175802,13:56:1687175804,2079
1616,17,13:56:1687175804,13:56:1687175804,0
1617,434,13:56:1687175804,13:56:1687175804,0
1618,17,13:56:1687175806,13:56:1687175808,2063
1619,434,13:56:1687175808,13:56:1687175811,2106
1620,17,13:56:1687175811,13:56:1687175811,0
1621,434,13:56:1687175811,13:56:1687175811,0
1622,17,13:56:1687175813,13:56:1687175813,0
1623,361,13:56:1687175813,13:56:1687175813,0
1624,434,13:56:1687175813,13:56:1687175813,0
1625,17,13:56:1687175815,13:56:1687175815,0
1626,361,13:56:1687175815,13:56:1687175815,0
1627,434,13:56:1687175815,13:56:1687175815,0
1628,17,13:56:1687175817,13:56:1687175817,0
1629,434,13:56:1687175817,13:56:1687175817,0
1630,17,13:56:1687175817,13:56:1687175817,0
1631,361,13:56:1687175817,13:56:1687175817,0
1632,434,13:56:1687175817,13:56:1687175817,0
1633,17,13:56:1687175819,13:57:1687175829,10303
1634,361,13:57:1687175829,13:57:1687175829,0
1635,17,13:57:1687175832,13:57:1687175832,0
1636,361,13:57:1687175832,13:57:1687175832,0
1637,17,13:57:1687175834,13:57:1687175834,1
1638,361,13:57:1687175834,13:57:1687175834,0
1639,434,13:57:1687175834,13:57:1687175834,0
1640,17,13:57:1687175836,13:57:1687175836,-1
1641,361,13:57:1687175836,13:57:1687175836,0
1642,434,13:57:1687175838,13:57:1687175838,0
1643,17,13:57:1687175838,13:57:1687175838,0
1644,361,13:57:1687175838,13:57:1687175838,0
1645,434,13:57:1687175838,13:57:1687175838,0
1646,17,13:57:1687175840,13:57:1687175840,0
1647,361,13:57:1687175840,13:57:1687175840,0
1648,434,13:57:1687175840,13:57:1687175840,0
1649,361,13:57:1687175842,13:57:1687175842,0
1650,17,13:57:1687175842,13:57:1687175842,0
1651,142,13:57:1687175842,13:57:1687175842,0
1652,361,13:57:1687175842,13:57:1687175842,0
1653,17,13:57:1687175844,13:57:1687175844,0
1654,361,13:57:1687175844,13:57:1687175844,0
1655,17,13:57:1687175846,13:57:1687175861,14596
1656,237,13:57:1687175863,13:57:1687175876,12434
1657,361,13:57:1687175876,13:57:1687175876,0
1658,237,13:57:1687175878,13:58:1687175886,8408
1659,361,13:58:1687175886,13:58:1687175886,0
1660,237,13:58:1687175888,13:58:1687175909,20596
1661,142,13:58:1687175911,13:58:1687175911,0
1662,237,13:58:1687175911,13:58:1687175911,0
1663,142,13:58:1687175911,13:58:1687175911,0
1664,237,13:58:1687175913,13:59:1687175963,49607
1665,17,13:59:1687175965,13:59:1687175969,4135
1666,237,13:59:1687175971,14:00:1687176019,48489
1667,239,14:00:1687176019,14:00:1687176019,0
1668,237,14:00:1687176022,14:00:1687176026,4342
1669,239,14:00:1687176026,14:00:1687176026,0
1670,237,14:00:1687176028,14:00:1687176028,1
1671,239,14:00:1687176028,14:00:1687176028,0
1672,237,14:00:1687176030,14:00:1687176032,2088
1673,334,14:00:1687176032,14:00:1687176032,0
1674,237,14:00:1687176035,14:00:1687176035,0
1675,334,14:00:1687176035,14:00:1687176035,0
1676,237,14:00:1687176037,14:00:1687176037,0
1677,334,14:00:1687176037,14:00:1687176039,2210
1678,237,14:00:1687176039,14:00:1687176039,0
1679,334,14:00:1687176039,14:00:1687176041,2236
1680,237,14:00:1687176041,14:00:1687176041,0
1681,334,14:00:1687176041,14:00:1687176041,0
1682,142,14:00:1687176041,14:00:1687176041,0
1683,334,14:00:1687176043,14:00:1687176043,0
1684,237,14:00:1687176043,14:00:1687176043,0
1685,334,14:00:1687176043,14:00:1687176043,0
1686,237,14:00:1687176045,14:00:1687176045,0
1687,334,14:00:1687176045,14:00:1687176045,0
1688,237,14:00:1687176045,14:00:1687176045,0
1689,142,14:00:1687176045,14:00:1687176045,0
1690,334,14:00:1687176045,14:00:1687176045,0
1691,237,14:00:1687176048,14:00:1687176050,2205
1692,142,14:00:1687176052,14:00:1687176052,0
1693,237,14:00:1687176052,14:00:1687176052,0
1694,142,14:00:1687176052,14:00:1687176052,0
1695,334,14:00:1687176052,14:00:1687176052,0
1696,237,14:00:1687176054,14:01:1687176067,12853
1697,15,14:01:1687176069,14:01:1687176069,0
1698,237,14:01:1687176069,14:01:1687176069,0
1699,15,14:01:1687176069,14:01:1687176069,0
1700,237,14:01:1687176071,14:01:1687176078,6564
1701,15,14:01:1687176078,14:01:1687176078,0
1702,237,14:01:1687176078,14:01:1687176078,0
1703,15,14:01:1687176078,14:01:1687176078,0
1704,237,14:01:1687176080,14:01:1687176080,0
1705,15,14:01:1687176080,14:01:1687176080,0
1706,237,14:01:1687176082,14:01:1687176087,4370
1707,17,14:01:1687176089,14:01:1687176089,-1
1708,239,14:01:1687176089,14:01:1687176089,0
1709,17,14:01:1687176091,14:01:1687176093,2190
1710,237,14:01:1687176095,14:01:1687176095,0
1711,17,14:01:1687176095,14:01:1687176095,0
1712,237,14:01:1687176095,14:01:1687176095,0
1713,239,14:01:1687176095,14:01:1687176095,0
1714,17,14:01:1687176098,14:01:1687176098,1
1715,237,14:01:1687176098,14:01:1687176098,0
1716,17,14:01:1687176100,14:01:1687176100,0
1717,237,14:01:1687176100,14:01:1687176102,2124
1718,17,14:01:1687176102,14:01:1687176102,0
1719,237,14:01:1687176102,14:01:1687176102,0
1720,17,14:01:1687176104,14:01:1687176104,0
1721,237,14:01:1687176104,14:01:1687176104,0
1722,15,14:01:1687176107,14:01:1687176107,0
1723,237,14:01:1687176107,14:01:1687176107,0
1724,17,14:01:1687176107,14:01:1687176107,0
1725,15,14:01:1687176107,14:01:1687176107,0
1726,237,14:01:1687176107,14:01:1687176109,2264
1727,17,14:01:1687176109,14:01:1687176109,0
1728,237,14:01:1687176109,14:01:1687176111,2169
1729,17,14:01:1687176111,14:01:1687176111,0
1730,237,14:01:1687176111,14:01:1687176111,0
1731,17,14:01:1687176113,14:01:1687176113,0
1732,15,14:01:1687176113,14:01:1687176113,0
1733,17,14:01:1687176113,14:01:1687176113,0
1734,15,14:01:1687176113,14:01:1687176113,0
1735,237,14:01:1687176113,14:01:1687176113,0
1736,17,14:01:1687176115,14:01:1687176115,0
1737,237,14:01:1687176115,14:01:1687176115,0
1738,239,14:01:1687176115,14:01:1687176115,0
1739,237,14:01:1687176118,14:01:1687176118,0
1740,17,14:01:1687176118,14:01:1687176118,0
1741,237,14:01:1687176118,14:01:1687176118,0
1742,239,14:01:1687176118,14:01:1687176118,0
1743,17,14:02:1687176121,14:02:1687176121,0
1744,237,14:02:1687176121,14:02:1687176121,0
1745,17,14:02:1687176126,14:02:1687176126,0
1746,2147483647,14:02:1687176137,14:02:1687176137,0
1747,17,14:02:1687176147,14:02:1687176147,0
1748,237,14:02:1687176147,14:02:1687176147,0
1749,24,14:02:1687176147,14:02:1687176147,0
1750,17,14:02:1687176158,14:02:1687176158,0
1751,237,14:02:1687176158,14:02:1687176158,0
1752,24,14:02:1687176158,14:02:1687176158,0
1753,17,14:02:1687176169,14:02:1687176169,0
1754,237,14:02:1687176169,14:02:1687176169,0
1755,24,14:02:1687176169,14:02:1687176169,0
1756,4,14:02:1687176171,14:02:1687176171,1
1757,142,14:02:1687176174,14:02:1687176174,0
1758,334,14:02:1687176174,14:02:1687176174,0
1759,17,14:02:1687176174,14:02:1687176176,2369
1760,142,14:02:1687176176,14:02:1687176176,0
1761,334,14:02:1687176176,14:02:1687176176,0
1762,17,14:02:1687176176,14:02:1687176176,0
1763,142,14:02:1687176178,14:02:1687176178,0
